Skeletal system,Cranium,Cranium without mandible,2048
Skeletal system,Cranium, Nasal bone,2049
Skeletal system,Cranium, Maxilla,2050
Skeletal system,Cranium, Zygomatic bone (rt),2051
Skeletal system,Cranium, Zygomatic bone (lt),2052
Skeletal system,Cranium, Mandible,2053
Skeletal system,Cranium,Parietal bone,2054
Skeletal system,Cranium,Frontal bone,2055
Skeletal system,Cranium,Occipital bone,2056
Skeletal system,Cranium,Temporal bone,2057
Skeletal system,Cranium,Ethmoid bone,2058
Skeletal system,Cranium,Crista galli,2059
Skeletal system,Cranium,Lacrimal bone (rt),2060
Skeletal system,Cranium,Lacrimal bone (lt),2061
Skeletal system,Vertebral column,First cervical vertebra,2176
Skeletal system,Vertebral column, Third thoracic vertebra,2177
Skeletal system,Vertebral column, Fourth thoracic vertebra,2178
Skeletal system,Vertebral column, Fifth thoracic vertebra,2179
Skeletal system,Vertebral column, Sixth thoracic vertebra,2180
Skeletal system,Vertebral column, Seventh thoracic vertebra,2181
Skeletal system,Vertebral column, Eighth thoracic vertebra,2182
Skeletal system,Vertebral column, Ninth thoracic vertebra,2183
Skeletal system,Vertebral column, Tenth thoracic vertebra,2184
Skeletal system,Vertebral column, Eleventh thoracic vertebra,2185
Skeletal system,Vertebral column, Twelfth thoracic vertebra,2186
Skeletal system,Vertebral column,Second cervical vertebra,2187
Skeletal system,Vertebral column, First lumbar vertebra,2188
Skeletal system,Vertebral column, Second lumbar vertebra,2189
Skeletal system,Vertebral column, Third lumbar vertebra,2190
Skeletal system,Vertebral column, Fourth lumbar vertebra,2191
Skeletal system,Vertebral column, Fifth lumbar vertebra,2192
Skeletal system,Vertebral column, Sacrum,2193
Skeletal system,Vertebral column, Coccyx,2194
Skeletal system,Vertebral column,Third cervical vertebra,2195
Skeletal system,Vertebral column,Fourth cervical vertebra,2196
Skeletal system,Vertebral column,Fifth cervical vertebra,2197
Skeletal system,Vertebral column,Sixth cervical vertebra,2198
Skeletal system,Vertebral column,Seventh cervical vertebra,2199
Skeletal system,Vertebral column,First thoracic vertebra,2200
Skeletal system,Vertebral column,Second thoracic vertebra,2201
Skeletal system,Thoracic skeleton,First rib (rt),2304
Skeletal system,Thoracic skeleton, Fifth rib (lt),2305
Skeletal system,Thoracic skeleton, Sixth rib (rt),2306
Skeletal system,Thoracic skeleton, Sixth rib (lt),2307
Skeletal system,Thoracic skeleton, Seventh rib (rt),2308
Skeletal system,Thoracic skeleton, Seventh rib (lt),2309
Skeletal system,Thoracic skeleton, Eighth rib (rt),2310
Skeletal system,Thoracic skeleton, Eighth rib (lt),2311
Skeletal system,Thoracic skeleton, Ninth rib (rt),2312
Skeletal system,Thoracic skeleton, Ninth rib (lt),2313
Skeletal system,Thoracic skeleton, Tenth rib (rt),2314
Skeletal system,Thoracic skeleton,First rib (lt),2315
Skeletal system,Thoracic skeleton, Tenth rib (lt),2316
Skeletal system,Thoracic skeleton, Eleventh rib (rt),2317
Skeletal system,Thoracic skeleton, Eleventh rib (lt),2318
Skeletal system,Thoracic skeleton, Twelfth rib (rt),2319
Skeletal system,Thoracic skeleton, Twelfth rib (lt),2320
Skeletal system,Thoracic skeleton, Sternum,2321
Skeletal system,Thoracic skeleton,Second rib (rt),2322
Skeletal system,Thoracic skeleton,Second rib (lt),2323
Skeletal system,Thoracic skeleton,Third rib (rt),2324
Skeletal system,Thoracic skeleton,Third rib (lt),2325
Skeletal system,Thoracic skeleton,Fourth rib (rt),2326
Skeletal system,Thoracic skeleton,Fourth rib (lt),2327
Skeletal system,Thoracic skeleton,Fifth rib (rt),2328
Skeletal system,Bones of upper limb,Scapula (rt),2432
Skeletal system,Bones of upper limb, Ulna (lt),2433
Skeletal system,Bones of upper limb, Scaphoid (rt),2434
Skeletal system,Bones of upper limb, Scaphoid (lt),2435
Skeletal system,Bones of upper limb, Lunate (rt),2436
Skeletal system,Bones of upper limb, Lunate (lt),2437
Skeletal system,Bones of upper limb, Triquetrum (rt),2438
Skeletal system,Bones of upper limb, Triquetrum (lt),2439
Skeletal system,Bones of upper limb, Pisiform (rt),2440
Skeletal system,Bones of upper limb, Pisiform (lt),2441
Skeletal system,Bones of upper limb, Trapezium (rt),2442
Skeletal system,Bones of upper limb,Scapula (lt),2443
Skeletal system,Bones of upper limb, Trapezium (lt),2444
Skeletal system,Bones of upper limb, Trapezoid (rt),2445
Skeletal system,Bones of upper limb, Trapezoid (lt),2446
Skeletal system,Bones of upper limb, Capitate (rt),2447
Skeletal system,Bones of upper limb, Capitate (lt),2448
Skeletal system,Bones of upper limb, Hamate (rt),2449
Skeletal system,Bones of upper limb, Hamate (lt),2450
Skeletal system,Bones of upper limb, First metacarpal bone (rt),2451
Skeletal system,Bones of upper limb, First metacarpal bone (lt),2452
Skeletal system,Bones of upper limb, Second metacarpal bone (rt),2453
Skeletal system,Bones of upper limb,Clavicle (rt),2454
Skeletal system,Bones of upper limb, Second metacarpal bone (lt),2455
Skeletal system,Bones of upper limb, Third metacarpal bone (rt),2456
Skeletal system,Bones of upper limb, Third metacarpal bone (lt),2457
Skeletal system,Bones of upper limb, Fourth metacarpal bone (rt),2458
Skeletal system,Bones of upper limb, Fourth metacarpal bone (lt),2459
Skeletal system,Bones of upper limb, Fifth metacarpal bone (rt),2460
Skeletal system,Bones of upper limb, Fifth metacarpal bone (lt),2461
Skeletal system,Bones of upper limb, First proximal phalanx (rt),2462
Skeletal system,Bones of upper limb, First proximal phalanx (lt),2463
Skeletal system,Bones of upper limb, Second proximal phalanx (rt),2464
Skeletal system,Bones of upper limb,Clavicle (lt),2465
Skeletal system,Bones of upper limb, Second proximal phalanx (lt),2466
Skeletal system,Bones of upper limb, Third proximal phalanx (rt),2467
Skeletal system,Bones of upper limb, Third proximal phalanx (lt),2468
Skeletal system,Bones of upper limb, Fourth proximal phalanx (rt),2469
Skeletal system,Bones of upper limb, Fourth proximal phalanx (lt),2470
Skeletal system,Bones of upper limb, Fifth proximal phalanx (rt),2471
Skeletal system,Bones of upper limb, Fifth proximal phalanx (lt),2472
Skeletal system,Bones of upper limb, Second middle phalanx (rt),2473
Skeletal system,Bones of upper limb, Second middle phalanx (lt),2474
Skeletal system,Bones of upper limb, Third middle phalanx (rt),2475
Skeletal system,Bones of upper limb,Humerus (rt),2476
Skeletal system,Bones of upper limb, Third middle phalanx (lt),2477
Skeletal system,Bones of upper limb, Fourth middle phalanx (rt),2478
Skeletal system,Bones of upper limb, Fourth middle phalanx (lt),2479
Skeletal system,Bones of upper limb, Fifth middle phalanx (rt),2480
Skeletal system,Bones of upper limb, Fifth middle phalanx (lt),2481
Skeletal system,Bones of upper limb, First distal phalanx (rt),2482
Skeletal system,Bones of upper limb, First distal phalanx (lt),2483
Skeletal system,Bones of upper limb, Second distal phalanx (rt),2484
Skeletal system,Bones of upper limb, Second distal phalanx (lt),2485
Skeletal system,Bones of upper limb, Third distal phalanx (rt),2486
Skeletal system,Bones of upper limb,Humerus (lt),2487
Skeletal system,Bones of upper limb, Third distal phalanx (lt),2488
Skeletal system,Bones of upper limb, Fourth distal phalanx (rt),2489
Skeletal system,Bones of upper limb, Fourth distal phalanx (lt),2490
Skeletal system,Bones of upper limb, Fifth distal phalanx (rt),2491
Skeletal system,Bones of upper limb, Fifth distal phalanx (lt),2492
Skeletal system,Bones of upper limb,Radius (rt),2493
Skeletal system,Bones of upper limb,Radius (lt),2494
Skeletal system,Bones of upper limb,Ulna (rt),2495
Skeletal system,Bones of lower limb,Hip bone (rt),2560
Skeletal system,Bones of lower limb, Fibula (lt),2561
Skeletal system,Bones of lower limb, Talus (rt),2562
Skeletal system,Bones of lower limb, Talus (lt),2563
Skeletal system,Bones of lower limb, Calcaneum (rt),2564
Skeletal system,Bones of lower limb, Calcaneum (lt),2565
Skeletal system,Bones of lower limb, Navicular (rt),2566
Skeletal system,Bones of lower limb, Navicular (lt),2567
Skeletal system,Bones of lower limb, Medial cuneiform (rt),2568
Skeletal system,Bones of lower limb, Medial cuneiform (lt),2569
Skeletal system,Bones of lower limb, Intermediate cuneiform (rt),2570
Skeletal system,Bones of lower limb,Hip bone (lt),2571
Skeletal system,Bones of lower limb, Intermediate cuneiform (lt),2572
Skeletal system,Bones of lower limb, Lateral cuneiform (rt),2573
Skeletal system,Bones of lower limb, Lateral cuneiform (lt),2574
Skeletal system,Bones of lower limb, Cuboid (rt),2575
Skeletal system,Bones of lower limb, Cuboid (lt),2576
Skeletal system,Bones of lower limb, First metatarsal (rt),2577
Skeletal system,Bones of lower limb, First metatarsal (lt),2578
Skeletal system,Bones of lower limb, Second metatarsal (rt),2579
Skeletal system,Bones of lower limb, Second metatarsal (lt),2580
Skeletal system,Bones of lower limb, Third metatarsal (rt),2581
Skeletal system,Bones of lower limb,Femur (rt),2582
Skeletal system,Bones of lower limb, Third metatarsal (lt),2583
Skeletal system,Bones of lower limb, Fourth metatarsal (rt),2584
Skeletal system,Bones of lower limb, Fourth metatarsal (lt),2585
Skeletal system,Bones of lower limb, Fifth metatarsal (rt),2586
Skeletal system,Bones of lower limb, Fifth metatarsal (lt),2587
Skeletal system,Bones of lower limb, First proximal phalanx (rt),2588
Skeletal system,Bones of lower limb, First proximal phalanx (lt),2589
Skeletal system,Bones of lower limb, Second proximal phalanx (rt),2590
Skeletal system,Bones of lower limb, Second proximal phalanx (lt),2591
Skeletal system,Bones of lower limb, Third proximal phalanx (rt),2592
Skeletal system,Bones of lower limb,Femur (lt),2593
Skeletal system,Bones of lower limb, Third proximal phalanx (lt),2594
Skeletal system,Bones of lower limb, Fourth proximal phalanx (rt),2595
Skeletal system,Bones of lower limb, Fourth proximal phalanx (lt),2596
Skeletal system,Bones of lower limb, Fifth proximal phalanx (rt),2597
Skeletal system,Bones of lower limb, Fifth proximal phalanx (lt),2598
Skeletal system,Bones of lower limb, Second middle phalanx (rt),2599
Skeletal system,Bones of lower limb, Second middle phalanx (lt),2600
Skeletal system,Bones of lower limb, Third middle phalanx (rt),2601
Skeletal system,Bones of lower limb, Third middle phalanx (lt),2602
Skeletal system,Bones of lower limb, Fourth middle phalanx (rt),2603
Skeletal system,Bones of lower limb,Patella (rt),2604
Skeletal system,Bones of lower limb, Fourth middle phalanx (lt),2605
Skeletal system,Bones of lower limb, Fifth middle phalanx (rt),2606
Skeletal system,Bones of lower limb, Fifth middle phalanx (lt),2607
Skeletal system,Bones of lower limb, First distal phalanx (rt),2608
Skeletal system,Bones of lower limb, First distal phalanx (lt),2609
Skeletal system,Bones of lower limb, Second distal phalanx (rt),2610
Skeletal system,Bones of lower limb, Second distal phalanx (lt),2611
Skeletal system,Bones of lower limb, Third distal phalanx (rt),2612
Skeletal system,Bones of lower limb, Third distal phalanx (lt),2613
Skeletal system,Bones of lower limb, Fourth distal phalanx (rt),2614
Skeletal system,Bones of lower limb,Patella (lt),2615
Skeletal system,Bones of lower limb, Fourth distal phalanx (lt),2616
Skeletal system,Bones of lower limb, Fifth distal phalanx (rt),2617
Skeletal system,Bones of lower limb, Fifth distal phalanx (lt),2618
Skeletal system,Bones of lower limb,Tibia (rt),2619
Skeletal system,Bones of lower limb,Tibia (lt),2620
Skeletal system,Bones of lower limb,Fibula (rt),2621
Lymphoid system,Lymphoid organs,Spleen,4096
Nervous system,Spinal cord,Spinal cord,6144
Nervous system,Brain,Cerebellum,6272
Nervous system,Brain, Temporal lobe (lt),6273
Nervous system,Brain, Fornix,6274
Nervous system,Brain, Lateral ventricle (rt),6275
Nervous system,Brain, Lateral ventricle (lt),6276
Nervous system,Brain, Amygdaloid nucleus (rt),6277
Nervous system,Brain, Amygdaloid nucleus (lt),6278
Nervous system,Brain, Caudate nucleus (rt),6279
Nervous system,Brain, Caudate nucleus (lt),6280
Nervous system,Brain, Putamen (rt),6281
Nervous system,Brain, Putamen (lt),6282
Nervous system,Brain,Thalamus,6283
Nervous system,Brain, Globus pallidus (rt),6284
Nervous system,Brain, Globus pallidus (lt),6285
Nervous system,Brain, Claustrum (rt),6286
Nervous system,Brain, Claustrum (lt),6287
Nervous system,Brain,Frontal lobe (rt),6288
Nervous system,Brain,Frontal lobe (lt),6289
Nervous system,Brain,Parietal lobe (rt),6290
Nervous system,Brain,Parietal lobe (lt),6291
Nervous system,Brain,Occipital lobe (rt),6292
Nervous system,Brain,Occipital lobe (lt),6293
Nervous system,Brain,Temporal lobe (rt),6294
Nervous system,Cranial nerves,Optic n. (rt),6400
Nervous system,Cranial nerves,Optic n. (lt),6401
Nervous system,Spinal nerves,Brachial plexus (rt),6528
Nervous system,Spinal nerves, Anterior root of first lumbar n. (lt),6529
Nervous system,Spinal nerves, Anterior ramus of first lumbar n. (rt),6530
Nervous system,Spinal nerves, Anterior ramus of first lumbar n. (lt),6531
Nervous system,Spinal nerves, Anterior root of second lumbar n. (rt),6532
Nervous system,Spinal nerves, Anterior root of second lumbar n. (lt),6533
Nervous system,Spinal nerves, Posterior root of second lumbar n. (rt),6534
Nervous system,Spinal nerves, Posterior root of second lumbar n. (lt),6535
Nervous system,Spinal nerves, Anterior ramus of second lumbar n. (rt),6536
Nervous system,Spinal nerves, Anterior ramus of second lumbar n. (lt),6537
Nervous system,Spinal nerves, Anterior root of third lumbar n. (lt),6538
Nervous system,Spinal nerves,Brachial plexus (lt),6539
Nervous system,Spinal nerves, Posterior root of third lumbar n. (lt),6540
Nervous system,Spinal nerves, Anterior ramus of third lumbar n. (lt),6541
Nervous system,Spinal nerves, Anterior root of fourth lumbar n. (rt),6542
Nervous system,Spinal nerves, Anterior root of fourth lumbar n. (lt),6543
Nervous system,Spinal nerves, Posterior root of fourth lumbar n. (rt),6544
Nervous system,Spinal nerves, Posterior root of fourth lumbar n. (lt),6545
Nervous system,Spinal nerves, Anterior ramus of fourth lumbar n. (rt),6546
Nervous system,Spinal nerves, Anterior ramus of fourth lumbar n. (lt),6547
Nervous system,Spinal nerves, Anterior root of fifth lumbar n. (lt),6548
Nervous system,Spinal nerves, Posterior root of fifth lumbar n. (rt),6549
Nervous system,Spinal nerves,Median n. (rt),6550
Nervous system,Spinal nerves, Posterior root of fifth lumbar n. (lt),6551
Nervous system,Spinal nerves, Anterior ramus of fifth lumbar n. (rt),6552
Nervous system,Spinal nerves, Anterior ramus of fifth lumbar n. (lt),6553
Nervous system,Spinal nerves, Anterior root of first sacral n. (rt),6554
Nervous system,Spinal nerves, Anterior root of first sacral n. (lt),6555
Nervous system,Spinal nerves, Posterior root of first sacral n. (rt),6556
Nervous system,Spinal nerves, Posterior root of first sacral n. (lt),6557
Nervous system,Spinal nerves, Anterior ramus of first sacral n. (rt),6558
Nervous system,Spinal nerves, Anterior ramus of first sacral n. (lt),6559
Nervous system,Spinal nerves, Anterior root of second sacral n. (rt),6560
Nervous system,Spinal nerves,Median n. (lt),6561
Nervous system,Spinal nerves, Anterior root of second sacral n. (lt),6562
Nervous system,Spinal nerves, Posterior root of second sacral n. (rt),6563
Nervous system,Spinal nerves, Posterior root of second sacral n. (lt),6564
Nervous system,Spinal nerves, Anterior ramus of second sacral n. (rt),6565
Nervous system,Spinal nerves, Anterior ramus of second sacral n. (lt),6566
Nervous system,Spinal nerves, Anterior root of third sacral n. (rt),6567
Nervous system,Spinal nerves, Anterior root of third sacral n. (lt),6568
Nervous system,Spinal nerves, Posterior root of third sacral n. (rt),6569
Nervous system,Spinal nerves, Posterior root of third sacral n. (lt),6570
Nervous system,Spinal nerves, Anterior ramus of third sacral n. (rt),6571
Nervous system,Spinal nerves,Ulnar n. (rt),6572
Nervous system,Spinal nerves, Anterior ramus of third sacral n. (lt),6573
Nervous system,Spinal nerves, Superior gluteal n. (rt),6574
Nervous system,Spinal nerves, Superior gluteal n. (lt),6575
Nervous system,Spinal nerves, Inferior gluteal n. (rt),6576
Nervous system,Spinal nerves, Inferior gluteal n. (lt),6577
Nervous system,Spinal nerves, Obturator n. (rt),6578
Nervous system,Spinal nerves, Obturator n. (lt),6579
Nervous system,Spinal nerves, Femoral n. (rt),6580
Nervous system,Spinal nerves, Femoral n. (lt),6581
Nervous system,Spinal nerves, Sciatic n. (rt),6582
Nervous system,Spinal nerves,Ulnar n. (lt),6583
Nervous system,Spinal nerves, Sciatic n. (lt),6584
Nervous system,Spinal nerves, Tibial n (rt),6585
Nervous system,Spinal nerves, Tibial n (lt),6586
Nervous system,Spinal nerves, Common fibular n. (rt),6587
Nervous system,Spinal nerves, Common fibular n. (lt),6588
Nervous system,Spinal nerves, Superficial fibular n. (rt),6589
Nervous system,Spinal nerves, Superficial fibular n. (lt),6590
Nervous system,Spinal nerves, Deep fibular n. (rt),6591
Nervous system,Spinal nerves, Deep fibular n. (lt),6592
Nervous system,Spinal nerves,Radial n. (rt),6593
Nervous system,Spinal nerves,Radial n. (lt),6594
Nervous system,Spinal nerves,Anterior root of first lumbar n. (rt),6595
Sensory organs,Eye,Eyeball (rt),8192
Sensory organs,Eye, Lateral rectus m. (lt),8193
Sensory organs,Eye, Superior oblique m. (rt),8194
Sensory organs,Eye, Superior oblique m. (lt),8195
Sensory organs,Eye, Inferior oblique m. (rt),8196
Sensory organs,Eye, Inferior oblique m. (lt),8197
Sensory organs,Eye, Levator palpebrae superioris m. (rt),8198
Sensory organs,Eye, Levator palpebrae superioris m. (lt),8199
Sensory organs,Eye,Eyeball (lt),8200
Sensory organs,Eye,Superior rectus m. (rt),8201
Sensory organs,Eye,Superior rectus m. (lt),8202
Sensory organs,Eye,Inferior rectus m. (rt),8203
Sensory organs,Eye,Inferior rectus m. (lt),8204
Sensory organs,Eye,Medial rectus m. (rt),8205
Sensory organs,Eye,Medial rectus m. (lt),8206
Sensory organs,Eye,Lateral rectus m. (rt),8207
Sensory organs,Ear,External acoustic meatus (rt),8320
Sensory organs,Ear,External acoustic meatus (lt),8321
Sensory organs,Ear,Tympanic cavity (rt),8322
Sensory organs,Ear,Tympanic cavity (lt),8323
Sensory organs,Ear,Auditory tube (rt),8324
Sensory organs,Ear,Auditory tube (lt),8325
The Integument,Skin,Skin,10240
Articular  system,Vertebral joints,Interspinous ligament (L I - L II),12288
Articular  system,Vertebral joints, Ligamentum flavum (L V - Sacrum),12289
Articular  system,Vertebral joints, Supraspinous ligament,12290
Articular  system,Vertebral joints, Anterior longitudinal ligament,12291
Articular  system,Vertebral joints, Posterior longitudinal ligament,12292
Articular  system,Vertebral joints, Intervertebral disc (C II - C III),12293
Articular  system,Vertebral joints, Intervertebral disc (C III - C IV),12294
Articular  system,Vertebral joints, Intervertebral disc (C IV - C V),12295
Articular  system,Vertebral joints, Intervertebral disc (C V - C VI),12296
Articular  system,Vertebral joints, Intervertebral disc (C VI - C VII),12297
Articular  system,Vertebral joints, intervertebral disc (C VII-T I ),12298
Articular  system,Vertebral joints,Interspinous ligament (L II - L III),12299
Articular  system,Vertebral joints, Intervertebral disc (T I - T II),12300
Articular  system,Vertebral joints, Intervertebral disc (T II - T III),12301
Articular  system,Vertebral joints, Intervertebral disc (T III - T IV),12302
Articular  system,Vertebral joints, Intervertebral disc (T IV - T V),12303
Articular  system,Vertebral joints, Intervertebral disc (T V - T VI),12304
Articular  system,Vertebral joints, Intervertebral disc (T VI - T VII),12305
Articular  system,Vertebral joints, Intervertebral disc (T VII - T VIII),12306
Articular  system,Vertebral joints, Intervertebral disc (T VIII - T IX),12307
Articular  system,Vertebral joints, Intervertebral disc (T IX - T X),12308
Articular  system,Vertebral joints, Intervertebral disc (T X - T XI),12309
Articular  system,Vertebral joints,Interspinous ligament (L III - L IV),12310
Articular  system,Vertebral joints, Intervertebral disc (T XI - T XII),12311
Articular  system,Vertebral joints, Intervertebral disc (T XII - L I),12312
Articular  system,Vertebral joints, Intervertebral disc (L I - L II),12313
Articular  system,Vertebral joints, Intervertebral disc (L II - L III),12314
Articular  system,Vertebral joints, Intervertebral disc (L III - L IV),12315
Articular  system,Vertebral joints, Intervertebral disc (L IV - L V),12316
Articular  system,Vertebral joints, Intervertebral disc (L V - Sacrum),12317
Articular  system,Vertebral joints,Interspinous ligament (L IV - L V),12318
Articular  system,Vertebral joints,Interspinous ligament (L V - Sacrum),12319
Articular  system,Vertebral joints,Ligamentum flavum (L I - L II),12320
Articular  system,Vertebral joints,Ligamentum flavum (L II - L III),12321
Articular  system,Vertebral joints,Ligamentum flavum (L III - L IV),12322
Articular  system,Vertebral joints,Ligamentum flavum (L IV - L V),12323
Articular  system,Joints of lower limb,Sacrotuberous ligament (rt),12416
Articular  system,Joints of lower limb, Ligament of head of femur (lt),12417
Articular  system,Joints of lower limb, Lateral meniscus (lt),12418
Articular  system,Joints of lower limb, Medial meniscus (lt),12419
Articular  system,Joints of lower limb, Anterior cruciate ligament (lt),12420
Articular  system,Joints of lower limb, Posterior cruciate ligament (lt),12421
Articular  system,Joints of lower limb, Fibular collateral ligament (lt),12422
Articular  system,Joints of lower limb, Tibial collateral ligament (lt),12423
Articular  system,Joints of lower limb,Sacrotuberous ligament (lt),12424
Articular  system,Joints of lower limb,Sacrospinous ligament (rt),12425
Articular  system,Joints of lower limb,Sacrospinous ligament (lt),12426
Articular  system,Joints of lower limb,Acetabular labrum (rt),12427
Articular  system,Joints of lower limb,Acetabular labrum (lt),12428
Articular  system,Joints of lower limb,Transverse acetabular ligament (rt),12429
Articular  system,Joints of lower limb,Transverse acetabular ligament (lt),12430
Articular  system,Joints of lower limb,Ligament of head of femur (rt),12431
Muscular system,Muscles of head,Buccinator m (rt),14336
Muscular system,Muscles of head, Medial pterygoid m (lt),14337
Muscular system,Muscles of head,Buccinator m (lt),14338
Muscular system,Muscles of head,Masseter m (rt),14339
Muscular system,Muscles of head,Masseter m (lt),14340
Muscular system,Muscles of head,Temporal m (rt),14341
Muscular system,Muscles of head,Temporal m (lt),14342
Muscular system,Muscles of head,Lateral pterygoid m (rt),14343
Muscular system,Muscles of head,Lateral pterygoid m (lt),14344
Muscular system,Muscles of head,Medial pterygoid m (rt),14345
Muscular system,Muscles of neck,Longus capitis m (rt),14464
Muscular system,Muscles of neck, Sternocleidomastoid m. (lt),14465
Muscular system,Muscles of neck, Anterior rectus capitis m. (rt),14466
Muscular system,Muscles of neck, Anterior rectus capitis m. (lt),14467
Muscular system,Muscles of neck, Rectus capitis lateralis m. (rt),14468
Muscular system,Muscles of neck, Rectus capitis lateralis m. (lt),14469
Muscular system,Muscles of neck, Posterior rectus capitis major m. (rt),14470
Muscular system,Muscles of neck, Posterior rectus capitis major m. (lt),14471
Muscular system,Muscles of neck, Posterior rectus capitis minor m.(rt),14472
Muscular system,Muscles of neck, Posterior rectus capitis minor m.(lt),14473
Muscular system,Muscles of neck, Superior obliquus capitis m. (rt),14474
Muscular system,Muscles of neck,Longus capitis m (lt),14475
Muscular system,Muscles of neck, Superior obliquus capitis m. (lt),14476
Muscular system,Muscles of neck, Inferior obliquus capitis m. (rt),14477
Muscular system,Muscles of neck, Inferior obliquus capitis m. (lt),14478
Muscular system,Muscles of neck, Digastric m.(lt),14479
Muscular system,Muscles of neck, Digastric m. (rt),14480
Muscular system,Muscles of neck, Stylohyoid m. (rt),14481
Muscular system,Muscles of neck, Stylohyoid m. (lt),14482
Muscular system,Muscles of neck, Mylohyoid m.  (rt),14483
Muscular system,Muscles of neck, Mylohyoid m.  (lt),14484
Muscular system,Muscles of neck, Geniohyoid m. (rt),14485
Muscular system,Muscles of neck,Anterior scalenus m (rt),14486
Muscular system,Muscles of neck, Geniohyoid m. (lt),14487
Muscular system,Muscles of neck, Sternohyoid m. (rt),14488
Muscular system,Muscles of neck, Sternohyoid m. (lt),14489
Muscular system,Muscles of neck, Omohyoid m. (rt),14490
Muscular system,Muscles of neck, Omohyoid m. (lt),14491
Muscular system,Muscles of neck, Sternothyroid m.  (rt),14492
Muscular system,Muscles of neck, Sternothyroid m.  (lt),14493
Muscular system,Muscles of neck, Thyrohyoid m. (rt),14494
Muscular system,Muscles of neck,Anterior scalenus m (lt),14495
Muscular system,Muscles of neck,Middle scalenus m (rt),14496
Muscular system,Muscles of neck,Middle scalenus m (lt),14497
Muscular system,Muscles of neck,Posterior scalenus m (rt),14498
Muscular system,Muscles of neck,Posterior scalenus m (lt),14499
Muscular system,Muscles of neck,Sternocleidomastoid m. (rt),14500
Muscular system,Muscles of back,Trapezius m. (rt),14592
Muscular system,Muscles of back, Levator scapulae m. (lt),14593
Muscular system,Muscles of back, Posterior superior serratus m. (rt),14594
Muscular system,Muscles of back, Posterior superior serratus m. (lt),14595
Muscular system,Muscles of back, Longissimus capitis m. (rt),14596
Muscular system,Muscles of back, Longissimus capitis m. (lt),14597
Muscular system,Muscles of back, Splenius capitis m. (rt),14598
Muscular system,Muscles of back, Splenius capitis m. (lt),14599
Muscular system,Muscles of back, Semispinalis capitis m. (rt),14600
Muscular system,Muscles of back, Semispinalis capitis m. (lt),14601
Muscular system,Muscles of back, Iliocostalis m. (rt),14602
Muscular system,Muscles of back,Trapezius m. (lt),14603
Muscular system,Muscles of back, Iliocostalis m. (lt),14604
Muscular system,Muscles of back, Longissimus m. (rt),14605
Muscular system,Muscles of back, Longissimus m. (lt),14606
Muscular system,Muscles of back, Transversospinales m. (rt),14607
Muscular system,Muscles of back, Transversospinales m. (lt),14608
Muscular system,Muscles of back,Latissimus dorsi m. (rt),14609
Muscular system,Muscles of back,Latissimus dorsi m. (lt),14610
Muscular system,Muscles of back,Rhomboid major m. (rt),14611
Muscular system,Muscles of back,Rhomboid major m. (lt),14612
Muscular system,Muscles of back,Rhomboid minor m. (rt),14613
Muscular system,Muscles of back,Rhomboid minor m. (lt),14614
Muscular system,Muscles of back,Levator scapulae m. (rt),14615
Muscular system,Muscles of thorax,Pectoralis major m. (rt),14720
Muscular system,Muscles of thorax, Intercostal m. (lt),14721
Muscular system,Muscles of thorax, Diaphragm,14722
Muscular system,Muscles of thorax,Pectoralis major m. (lt),14723
Muscular system,Muscles of thorax,Pectoralis minor m. (rt),14724
Muscular system,Muscles of thorax,Pectoralis minor m. (lt),14725
Muscular system,Muscles of thorax,Subclavius m. (rt),14726
Muscular system,Muscles of thorax,Subclavius m. (lt),14727
Muscular system,Muscles of thorax,Anterior serratus m. (rt),14728
Muscular system,Muscles of thorax,Anterior serratus m. (lt),14729
Muscular system,Muscles of thorax,Intercostal m. (rt),14730
Muscular system,Muscles of abdomen,Rectus abdominis m. (rt),14848
Muscular system,Muscles of abdomen, Quadratus lumborum m. (lt),14849
Muscular system,Muscles of abdomen, Levator ani m,14850
Muscular system,Muscles of abdomen, Coccygeus m. (rt),14851
Muscular system,Muscles of abdomen, Coccygeus m. (lt),14852
Muscular system,Muscles of abdomen,Rectus abdominis m. (lt),14853
Muscular system,Muscles of abdomen,External oblique abdominal m. (rt),14854
Muscular system,Muscles of abdomen,External oblique abdominal m. (lt),14855
Muscular system,Muscles of abdomen,Internal oblique abdominal m. (rt),14856
Muscular system,Muscles of abdomen,Internal oblique abdominal m. (lt),14857
Muscular system,Muscles of abdomen,Transversus abdominis m. (rt),14858
Muscular system,Muscles of abdomen,Transversus abdominis m. (lt),14859
Muscular system,Muscles of abdomen,Quadratus lumborum m. (rt),14860
Muscular system,Muscles of upper limb,Deltoid m. (rt),14976
Muscular system,Muscles of upper limb, Teres major m. (lt),14977
Muscular system,Muscles of upper limb, Subscapularis m. (rt),14978
Muscular system,Muscles of upper limb, Subscapularis m. (lt),14979
Muscular system,Muscles of upper limb, Biceps brachii m. (rt),14980
Muscular system,Muscles of upper limb, Biceps brachii m. (lt),14981
Muscular system,Muscles of upper limb, Coracobrachialis m. (rt),14982
Muscular system,Muscles of upper limb, Coracobrachialis m. (lt),14983
Muscular system,Muscles of upper limb, Brachialis m. (rt),14984
Muscular system,Muscles of upper limb, Brachialis m. (lt),14985
Muscular system,Muscles of upper limb, Triceps brachii m. (rt),14986
Muscular system,Muscles of upper limb,Deltoid m. (lt),14987
Muscular system,Muscles of upper limb, Triceps brachii m. (lt),14988
Muscular system,Muscles of upper limb, Anconeus m. (rt),14989
Muscular system,Muscles of upper limb, Anconeus m. (lt),14990
Muscular system,Muscles of upper limb, Pronator teres m. (rt),14991
Muscular system,Muscles of upper limb, Pronator teres m. (lt),14992
Muscular system,Muscles of upper limb, Flexor carpi radialis m. (rt),14993
Muscular system,Muscles of upper limb, Flexor carpi radialis m. (lt),14994
Muscular system,Muscles of upper limb, Palmaris longus m. (rt),14995
Muscular system,Muscles of upper limb, Palmaris longus m. (lt),14996
Muscular system,Muscles of upper limb, Flexor carpi ulnaris m. (rt),14997
Muscular system,Muscles of upper limb,Supraspinatus m. (rt),14998
Muscular system,Muscles of upper limb, Flexor carpi ulnaris m. (lt),14999
Muscular system,Muscles of upper limb, Flexor digitorum superficialis. (rt),15000
Muscular system,Muscles of upper limb, Flexor digitorum superficialis. (lt),15001
Muscular system,Muscles of upper limb, Flexor digitorum profundus m. (rt),15002
Muscular system,Muscles of upper limb, Flexor digitorum profundus m. (lt),15003
Muscular system,Muscles of upper limb, Flexor pollicis longus m. (rt),15004
Muscular system,Muscles of upper limb, Flexor pollicis longus m. (lt),15005
Muscular system,Muscles of upper limb, Pronator quadratus m. (rt),15006
Muscular system,Muscles of upper limb, Pronator quadratus m. (lt),15007
Muscular system,Muscles of upper limb, Brachioradialis m. (rt),15008
Muscular system,Muscles of upper limb,Supraspinatus m. (lt),15009
Muscular system,Muscles of upper limb, Brachioradialis m. (lt),15010
Muscular system,Muscles of upper limb, Extensor carpi radialis longus m. (rt),15011
Muscular system,Muscles of upper limb, Extensor carpi radialis longus m. (lt),15012
Muscular system,Muscles of upper limb, Extensor carpi radialis brevis m. (rt),15013
Muscular system,Muscles of upper limb, Extensor carpi radialis brevis m. (lt),15014
Muscular system,Muscles of upper limb, Extensor digitorum m. (rt),15015
Muscular system,Muscles of upper limb, Extensor digitorum m. (lt),15016
Muscular system,Muscles of upper limb, Extensor digiti minimi m. (rt),15017
Muscular system,Muscles of upper limb, Extensor digiti minimi m. (lt),15018
Muscular system,Muscles of upper limb, Extensor carpi ulnaris m. (rt),15019
Muscular system,Muscles of upper limb,Infraspinatus m. (rt),15020
Muscular system,Muscles of upper limb, Extensor carpi ulnaris m. (lt),15021
Muscular system,Muscles of upper limb, Supinator m. (rt),15022
Muscular system,Muscles of upper limb, Supinator m. (lt),15023
Muscular system,Muscles of upper limb, Abductor pollicis longus m. (rt),15024
Muscular system,Muscles of upper limb, Abductor pollicis longus m. (lt),15025
Muscular system,Muscles of upper limb, Extensor pollicis brevis m. (rt),15026
Muscular system,Muscles of upper limb, Extensor pollicis brevis m. (lt),15027
Muscular system,Muscles of upper limb, Extensor pollicis longus m. (rt),15028
Muscular system,Muscles of upper limb, Extensor pollicis longus m. (lt),15029
Muscular system,Muscles of upper limb, Extensor indicis m. (rt),15030
Muscular system,Muscles of upper limb,Infraspinatus m. (lt),15031
Muscular system,Muscles of upper limb, Extensor indicis m. (lt),15032
Muscular system,Muscles of upper limb, Palmaris brevis m. (rt),15033
Muscular system,Muscles of upper limb, Palmaris brevis m. (lt),15034
Muscular system,Muscles of upper limb, Abductor pollicis brevis m. (rt),15035
Muscular system,Muscles of upper limb, Abductor pollicis brevis m. (lt),15036
Muscular system,Muscles of upper limb, Flexor pollicis brevis m. (rt),15037
Muscular system,Muscles of upper limb, Flexor pollicis brevis m. (lt),15038
Muscular system,Muscles of upper limb, Opponens pollicis m. (rt),15039
Muscular system,Muscles of upper limb, Opponens pollicis m. (lt),15040
Muscular system,Muscles of upper limb, Adductor pollicis m. (rt),15041
Muscular system,Muscles of upper limb,Teres minor m. (rt),15042
Muscular system,Muscles of upper limb, Adductor pollicis m. (lt),15043
Muscular system,Muscles of upper limb, Abductor digiti minimi m. (rt),15044
Muscular system,Muscles of upper limb, Abductor digiti minimi m. (lt),15045
Muscular system,Muscles of upper limb, Flexor digiti minimi brevis m. (rt),15046
Muscular system,Muscles of upper limb, Flexor digiti minimi brevis m. (lt),15047
Muscular system,Muscles of upper limb, Opponens digiti minimi m. (rt),15048
Muscular system,Muscles of upper limb, Opponens digiti minimi m. (lt),15049
Muscular system,Muscles of upper limb, Lumbrical m. (rt),15050
Muscular system,Muscles of upper limb, Lumbrical m. (lt),15051
Muscular system,Muscles of upper limb, Dorsal interossei m. (rt),15052
Muscular system,Muscles of upper limb,Teres minor m. (lt),15053
Muscular system,Muscles of upper limb, Dorsal interossei m. (lt),15054
Muscular system,Muscles of upper limb, Palmar interossei m. (rt),15055
Muscular system,Muscles of upper limb, Palmar interossei m. (lt),15056
Muscular system,Muscles of upper limb,Teres major m. (rt),15057
Muscular system,Muscles of lower limb,Iliopsoas m. (rt),15104
Muscular system,Muscles of lower limb, Piriformis m. (lt),15105
Muscular system,Muscles of lower limb, Obturator internus m. (rt),15106
Muscular system,Muscles of lower limb, Obturator internus m. (lt),15107
Muscular system,Muscles of lower limb, Superior gemellus m. (lt),15108
Muscular system,Muscles of lower limb, Inferior gemellus m. (lt),15109
Muscular system,Muscles of lower limb, Quadratus femoris m. (rt),15110
Muscular system,Muscles of lower limb, Quadratus femoris m. (lt),15111
Muscular system,Muscles of lower limb, Sartorius m. (rt),15112
Muscular system,Muscles of lower limb, Sartorius m. (lt),15113
Muscular system,Muscles of lower limb, Rectus femoris m. (rt),15114
Muscular system,Muscles of lower limb,Iliopsoas m. (lt),15115
Muscular system,Muscles of lower limb, Rectus femoris m. (lt),15116
Muscular system,Muscles of lower limb, Vastus lateralis m (rt),15117
Muscular system,Muscles of lower limb, Vastus lateralis m (lt),15118
Muscular system,Muscles of lower limb, Vastus intermedius m. (rt),15119
Muscular system,Muscles of lower limb, Vastus intermedius m. (lt),15120
Muscular system,Muscles of lower limb, Vastus medialis m. (rt),15121
Muscular system,Muscles of lower limb, Vastus medialis m. (lt),15122
Muscular system,Muscles of lower limb, Articularis genus m. (rt),15123
Muscular system,Muscles of lower limb, Articularis genus m. (lt),15124
Muscular system,Muscles of lower limb, Pectineus m. (rt),15125
Muscular system,Muscles of lower limb,Gluteus maximus m. (rt),15126
Muscular system,Muscles of lower limb, Pectineus m. (lt),15127
Muscular system,Muscles of lower limb, Adductor longus m. (rt),15128
Muscular system,Muscles of lower limb, Adductor longus m. (lt),15129
Muscular system,Muscles of lower limb, Adductor brevis m. (rt),15130
Muscular system,Muscles of lower limb, Adductor brevis m. (lt),15131
Muscular system,Muscles of lower limb, Adductor magnus m. (rt),15132
Muscular system,Muscles of lower limb, Adductor magnus m. (lt),15133
Muscular system,Muscles of lower limb, Gracilis m. (rt),15134
Muscular system,Muscles of lower limb, Gracilis m. (lt),15135
Muscular system,Muscles of lower limb, Obturator externus m. (rt),15136
Muscular system,Muscles of lower limb,Gluteus maximus m. (lt),15137
Muscular system,Muscles of lower limb, Obturator externus m. (lt),15138
Muscular system,Muscles of lower limb, Biceps femoris m. (rt),15139
Muscular system,Muscles of lower limb, Biceps femoris m. (lt),15140
Muscular system,Muscles of lower limb, Semitendinosus m. (rt),15141
Muscular system,Muscles of lower limb, Semitendinosus m. (lt),15142
Muscular system,Muscles of lower limb, Semimembranosus m. (rt),15143
Muscular system,Muscles of lower limb, Semimembranosus m. (lt),15144
Muscular system,Muscles of lower limb, Anterior tibialis m. (rt),15145
Muscular system,Muscles of lower limb, Anterior tibialis m. (lt),15146
Muscular system,Muscles of lower limb, Extensor digitorum longus m (rt),15147
Muscular system,Muscles of lower limb,Gluteus medius m. (lt),15148
Muscular system,Muscles of lower limb, Extensor hallucis longus m. (rt),15149
Muscular system,Muscles of lower limb, Extensor hallucis longus m. (lt),15150
Muscular system,Muscles of lower limb, Fibularis longus m. (rt),15151
Muscular system,Muscles of lower limb, Fibularis longus m. (lt),15152
Muscular system,Muscles of lower limb, Fibularis brevis m. (rt),15153
Muscular system,Muscles of lower limb, Fibularis brevis m. (lt),15154
Muscular system,Muscles of lower limb, Gastrocnemius m. (rt),15155
Muscular system,Muscles of lower limb, Gastrocnemius m. (lt),15156
Muscular system,Muscles of lower limb, Soleus m. (rt),15157
Muscular system,Muscles of lower limb, Soleus m. (lt),15158
Muscular system,Muscles of lower limb,Gluteus minimus m. (lt),15159
Muscular system,Muscles of lower limb, Plantaris m. (rt),15160
Muscular system,Muscles of lower limb, Plantaris m. (lt),15161
Muscular system,Muscles of lower limb, Popliteus m. (rt),15162
Muscular system,Muscles of lower limb, Popliteus m. (lt),15163
Muscular system,Muscles of lower limb, Posterior tibialis m. (rt),15164
Muscular system,Muscles of lower limb, Posterior tibialis m. (lt),15165
Muscular system,Muscles of lower limb, Flexor digitorum longus m. (rt),15166
Muscular system,Muscles of lower limb, Flexor digitorum longus m. (lt),15167
Muscular system,Muscles of lower limb, Flexor hallucis longus m. (lt),15168
Muscular system,Muscles of lower limb, Extensor digitorum brevis m. (rt),15169
Muscular system,Muscles of lower limb,Tensor fasciae latae m. (rt),15170
Muscular system,Muscles of lower limb, Extensor digitorum brevis m. (lt),15171
Muscular system,Muscles of lower limb, Abductor hallucis m. (rt),15172
Muscular system,Muscles of lower limb, Abductor hallucis m. (lt),15173
Muscular system,Muscles of lower limb, Flexor hallucis brevis m. (rt),15174
Muscular system,Muscles of lower limb, Flexor hallucis brevis m. (lt),15175
Muscular system,Muscles of lower limb, Adductor hallucis m. oblique head (rt),15176
Muscular system,Muscles of lower limb, Adductor hallucis m. oblique head (lt),15177
Muscular system,Muscles of lower limb, Adductor hallucis m transvers head (rt),15178
Muscular system,Muscles of lower limb, Adductor hallucis m transvers head (lt),15179
Muscular system,Muscles of lower limb, Abductor digiti minimi m. (rt),15180
Muscular system,Muscles of lower limb,Tensor fasciae latae m. (lt),15181
Muscular system,Muscles of lower limb, Abductor digiti minimi m. (lt),15182
Muscular system,Muscles of lower limb, Flexor digiti minimi brevis m. (rt),15183
Muscular system,Muscles of lower limb, Flexor digiti minimi brevis m. (lt),15184
Muscular system,Muscles of lower limb, Flexor digitorum brevis m. (rt),15185
Muscular system,Muscles of lower limb, Flexor digitorum brevis m. (lt),15186
Muscular system,Muscles of lower limb, Quadratus plantae m. (rt),15187
Muscular system,Muscles of lower limb, Quadratus plantae m. (lt),15188
Muscular system,Muscles of lower limb, Plantar interossei m. (rt),15189
Muscular system,Muscles of lower limb, Plantar interossei m. (lt),15190
Muscular system,Muscles of lower limb,Piriformis m. (rt),15191
Alimentary system,Salivary glands,Parotid gland (rt),16384
Alimentary system,Salivary glands,Parotid gland (lt),16385
Alimentary system,Salivary glands,Sublingual gland (rt),16386
Alimentary system,Salivary glands,Sublingual gland (lt),16387
Alimentary system,Salivary glands,Submandibular gland (rt),16388
Alimentary system,Salivary glands,Submandibular gland (lt),16389
Alimentary system, Gallbladder,Gallbladder,16512
Alimentary system, Gallbladder,Cystic duct,16513
Alimentary system, Gallbladder,Common bile duct,16514
Alimentary system, Gallbladder,Hepatopancrearic ampulla,16515
Alimentary system, Pancreas,Pancreas,16640
Alimentary system, Pancreas,Pancreatic duct (luminal),16641
Alimentary system,Teeth,Medial maxillary incisor tooth (rt),16768
Alimentary system,Teeth, Second mandibular premolar tooth (lt),16769
Alimentary system,Teeth, First maxillary molar tooth (rt),16770
Alimentary system,Teeth, First maxillary molar tooth (lt),16771
Alimentary system,Teeth, Second maxillary molar tooth (rt),16772
Alimentary system,Teeth, Second maxillary molar tooth (lt),16773
Alimentary system,Teeth, Medial mandibular incisor tooth (rt),16774
Alimentary system,Teeth, Medial mandibular incisor tooth (lt),16775
Alimentary system,Teeth, Lateral mandibular incisor tooth (rt),16776
Alimentary system,Teeth, Lateral mandibular incisor tooth (lt),16777
Alimentary system,Teeth, Mandibular canine tooth (rt),16778
Alimentary system,Teeth,Medial maxillary incisor tooth (lt),16779
Alimentary system,Teeth, Mandibular canine tooth (lt),16780
Alimentary system,Teeth, First mandibular premolar tooth (rt),16781
Alimentary system,Teeth, First mandibular premolar tooth (lt),16782
Alimentary system,Teeth, Second mandibular molar tooth (rt),16783
Alimentary system,Teeth, Second mandibular molar tooth (lt),16784
Alimentary system,Teeth, First mandibular molar tooth (rt),16785
Alimentary system,Teeth, First mandibular molar tooth (lt),16786
Alimentary system,Teeth, Second maxillary premolar tooth (rt),16787
Alimentary system,Teeth, Second maxillary premolar tooth (lt),16788
Alimentary system,Teeth,Lateral maxillary incisor tooth (rt),16789
Alimentary system,Teeth,Lateral maxillary incisor tooth (lt),16790
Alimentary system,Teeth,Maxillary canine tooth (rt),16791
Alimentary system,Teeth,Maxillary canine tooth (lt),16792
Alimentary system,Teeth,First maxillary premolar tooth (rt),16793
Alimentary system,Teeth,First maxillary premolar tooth (lt),16794
Alimentary system,Teeth,Second mandibular premolar tooth (rt),16795
Alimentary system,Tongue,Tongue,16896
Alimentary system,Tongue,Genioglossus m. (rt),16897
Alimentary system,Tongue,Genioglossus m. (lt),16898
Alimentary system,Tongue,Hyoglossus m. (rt),16899
Alimentary system,Tongue,Hyoglossus m. (lt),16900
Alimentary system,Tongue,Styloglossus m. (rt),16901
Alimentary system,Tongue,Styloglossus m. (lt),16902
Alimentary system,Tongue,Palatoglossus m. (rt),16903
Alimentary system,Tongue,Palatoglossus m. (lt),16904
Alimentary system,Fauces,Soft palate,17024
Alimentary system,Fauces,Tensor veli palatini,17025
Alimentary system,Fauces,Levator veli palatini,17026
Alimentary system,Pharynx,Pharynx,17152
Alimentary system,Pharynx,Constrictor m,17153
Alimentary system,Pharynx,Stylopharyngeus m. (rt),17154
Alimentary system,Pharynx,Stylopharyngeus m. (lt),17155
Alimentary system,"Esophagus, Stomach",Esophagus (mural),17280
Alimentary system,"Esophagus, Stomach",Stomach (mural),17281
Alimentary system,"Esophagus, Stomach",Stomach (luminal),17282
Alimentary system,Small intestine,Duodenum,17408
Alimentary system,Small intestine,Jejunum and ileum,17409
Alimentary system,Large intestine (mural),Cecum,17536
Alimentary system,Large intestine (mural),Appendix,17537
Alimentary system,Large intestine (mural),Ascending colon,17538
Alimentary system,Large intestine (mural),Transverse colon,17539
Alimentary system,Large intestine (mural),Descending colon,17540
Alimentary system,Large intestine (mural),Sigmoid colon,17541
Alimentary system,Large intestine (mural),Rectum,17542
Alimentary system,Large intestine (mural),Anal canal,17543
Alimentary system,Large intestine (mural),External anal sphincter m,17544
Alimentary system,Liver,Liver,17664
Alimentary system,Liver,Common hepatic duct (luminal),17665
Alimentary system,Liver,Right hepatic duct (luminal),17666
Alimentary system,Liver,Left hepatic duct (luminal),17667
Respiratory system,Nose (luminal),Nasal cavity,18432
Respiratory system,Nose (luminal),Maxillary sinus (rt),18433
Respiratory system,Nose (luminal),Maxillary sinus (lt),18434
Respiratory system,Nose (luminal),Sphenoidal sinus (rt),18435
Respiratory system,Nose (luminal),Sphenoidal sinus (lt),18436
Respiratory system,Nose (luminal),Frontal sinus,18437
Respiratory system,Nose (luminal),Ethmoidal cells,18438
Respiratory system,Larynx,Cricothyroid m. (rt),18560
Respiratory system,Larynx,Cricothyroid m. (lt),18561
Respiratory system,Larynx,Posterior crico-arytenoid m. (rt),18562
Respiratory system,Larynx,Posterior crico-arytenoid m. (lt),18563
Respiratory system,Larynx,Lateral crico-arytenoid m. (rt),18564
Respiratory system,Larynx,Lateral crico-arytenoid m. (lt),18565
Respiratory system,Bronchi (luminal),Right main bronchus,18688
Respiratory system,Bronchi (luminal), Right superior segmental bronchus,18689
Respiratory system,Bronchi (luminal), Right medial basal segmental bronchus,18690
Respiratory system,Bronchi (luminal), Right lateral basal segmental bronchus,18691
Respiratory system,Bronchi (luminal), Right posterior basal segmental bronchus,18692
Respiratory system,Bronchi (luminal), Left main bronchus,18693
Respiratory system,Bronchi (luminal), Left superior lobar bronchus,18694
Respiratory system,Bronchi (luminal), Left apicoposterior segmental bronchus,18695
Respiratory system,Bronchi (luminal), Left anterior segmental bronchus,18696
Respiratory system,Bronchi (luminal), Left superior lingular segmental bronchus,18697
Respiratory system,Bronchi (luminal), Left inferior lingular segmental bronchus,18698
Respiratory system,Bronchi (luminal),Right superior lobar bronchus,18699
Respiratory system,Bronchi (luminal), Left inferior lobar bronchus,18700
Respiratory system,Bronchi (luminal), Left superior segmental bronchus,18701
Respiratory system,Bronchi (luminal), Left medial basal segmental bronchus,18702
Respiratory system,Bronchi (luminal), Left anterior basal segmental bronchus,18703
Respiratory system,Bronchi (luminal), Left lateral basal segmental bronchus,18704
Respiratory system,Bronchi (luminal), Left posterior basal segmental bronchus,18705
Respiratory system,Bronchi (luminal),Right apical segmental bronchus,18706
Respiratory system,Bronchi (luminal),Right posterior segmental bronchus,18707
Respiratory system,Bronchi (luminal),Right anterior segmental bronchus,18708
Respiratory system,Bronchi (luminal),Right middle lobar bronchus,18709
Respiratory system,Bronchi (luminal),Right lateral segmental bronchus,18710
Respiratory system,Bronchi (luminal),Right medial segmental bronchus,18711
Respiratory system,Bronchi (luminal),Right inferior lobar bronchus,18712
Respiratory system,Lung,Right lung,18816
Respiratory system,Lung,Left lung,18817
Urinary system,Kidney,Right kidney,20480
Urinary system,Kidney,Left kidney,20481
Urinary system,Ureter,Right ureter,20608
Urinary system,Ureter,Left ureter,20609
Urinary system,Urinary bladder,Urinary bladder (mural),20736
Urinary system,Urinary bladder,Urinary bladder (luminal),20737
Urinary system,Urethra,Preprostatic part of urethra,20864
Urinary system,Urethra,Prostatic urethra,20865
Urinary system,Urethra,Intermediate part of urethra,20866
Urinary system,Urethra,Spongy urethra,20867
Genital system,Male internal genitalia,Testis (rt),22528
Genital system,Male internal genitalia, Prostate,22529
Genital system,Male internal genitalia,Testis (lt),22530
Genital system,Male internal genitalia,Epididymis (mural) (rt),22531
Genital system,Male internal genitalia,Epididymis (mural) (lt),22532
Genital system,Male internal genitalia,Ductus deferens (mural) (rt),22533
Genital system,Male internal genitalia,Ductus deferens (mural) (lt),22534
Genital system,Male internal genitalia,Seminal vesicle (mural) (rt),22535
Genital system,Male internal genitalia,Seminal vesicle (mural) (lt),22536
Genital system,Male internal genitalia,Ejaculatory duct (mural),22537
Genital system,Male external genitalia,Corpus cavernosum penis (rt),22656
Genital system,Male external genitalia, External urethral sphincter m,22657
Genital system,Male external genitalia,Corpus cavernosum penis (lt),22658
Genital system,Male external genitalia,Corpus spongiosum penis,22659
Genital system,Male external genitalia,Superficial transverse perineal m. (rt),22660
Genital system,Male external genitalia,Superficial transverse perineal m. (lt),22661
Genital system,Male external genitalia,Ischiocavernosus m. (rt),22662
Genital system,Male external genitalia,Ischiocavernosus m. (lt),22663
Genital system,Male external genitalia,Bulbospongiosus m,22664
Genital system,Male external genitalia,Deep transverse perineal m,22665
Endocrine glands,Endocrine glands,Pituitary gland,24576
Endocrine glands,Endocrine glands,Adenohypophysis,24577
Endocrine glands,Endocrine glands,Neurohypophysis,24578
Endocrine glands,Endocrine glands,Thyroid gland,24579
Cardiovascular system,Heart,Heart (mural),26624
Cardiovascular system,Heart,Right ventricle (luminal),26625
Cardiovascular system,Heart,Right atrium (luminal),26626
Cardiovascular system,Heart,Tricuspid valve,26627
Cardiovascular system,Heart,Pulmonary valve,26628
Cardiovascular system,Heart,Left ventricle (luminal),26629
Cardiovascular system,Heart,Left atrium (luminal),26630
Cardiovascular system,Heart,Mitral valve,26631
Cardiovascular system,Heart,Aortic valve,26632
Cardiovascular system,Pulmonary trunk (luminal),Pulmonary trunk,26752
Cardiovascular system,Pulmonary trunk (luminal),Right pulmonary a,26753
Cardiovascular system,Pulmonary trunk (luminal),Left pulmonary a,26754
Cardiovascular system,Ascending aorta (luminal),Right coronary a,26880
Cardiovascular system,Ascending aorta (luminal),Sinu-atrial nodal branch,26881
Cardiovascular system,Ascending aorta (luminal),Posterior interventricular branch,26882
Cardiovascular system,Ascending aorta (luminal),Atrioventricular nodal branch,26883
Cardiovascular system,Ascending aorta (luminal),Left coronary a,26884
Cardiovascular system,Ascending aorta (luminal),Anterior inberventricular branch,26885
Cardiovascular system,Ascending aorta (luminal),Circumflex branch,26886
Cardiovascular system,Ascending aorta (luminal),Left marginal a,26887
Cardiovascular system,Arch of aorta (luminal),Common carotid a. (rt),27008
Cardiovascular system,Arch of aorta (luminal), Vertebral a. (lt),27009
Cardiovascular system,Arch of aorta (luminal), Basilar a,27010
Cardiovascular system,Arch of aorta (luminal), Axillary a. (rt),27011
Cardiovascular system,Arch of aorta (luminal), Axillary a. (lt),27012
Cardiovascular system,Arch of aorta (luminal), Brachial a. (rt),27013
Cardiovascular system,Arch of aorta (luminal), Brachial a. (lt),27014
Cardiovascular system,Arch of aorta (luminal), Deep brachial a. (rt),27015
Cardiovascular system,Arch of aorta (luminal), Deep brachial a. (lt),27016
Cardiovascular system,Arch of aorta (luminal), Radial a. (rt),27017
Cardiovascular system,Arch of aorta (luminal), Radial a. (lt),27018
Cardiovascular system,Arch of aorta (luminal),Common carotid a. (lt),27019
Cardiovascular system,Arch of aorta (luminal),External carotid a. (rt),27020
Cardiovascular system,Arch of aorta (luminal),External carotid a. (lt),27021
Cardiovascular system,Arch of aorta (luminal),Internal carotid a. (rt),27022
Cardiovascular system,Arch of aorta (luminal),Internal carotid a. (lt),27023
Cardiovascular system,Arch of aorta (luminal),Subclavian a. (rt),27024
Cardiovascular system,Arch of aorta (luminal),Subclavian a. (lt),27025
Cardiovascular system,Arch of aorta (luminal),Vertebral a. (rt),27026
Cardiovascular system,Arch of aorta (luminal),r n. (lt),27027
Cardiovascular system,Arch of aorta (luminal),r n. (rt),27028
Cardiovascular system,Decending aorta (luminal),Celiac trunk,27136
Cardiovascular system,Decending aorta (luminal), Common iliac a. (rt),27137
Cardiovascular system,Decending aorta (luminal), Common iliac a. (lt),27138
Cardiovascular system,Decending aorta (luminal), Internal iliac a. (rt),27139
Cardiovascular system,Decending aorta (luminal), Internal iliac a. (lt),27140
Cardiovascular system,Decending aorta (luminal), Iliolumbar a. (rt),27141
Cardiovascular system,Decending aorta (luminal), Obturator a. (rt),27142
Cardiovascular system,Decending aorta (luminal), Obturator a. (lt),27143
Cardiovascular system,Decending aorta (luminal), Superior gluteal a. (rt),27144
Cardiovascular system,Decending aorta (luminal), Superior gluteal a. (lt),27145
Cardiovascular system,Decending aorta (luminal), Inferior gluteal a. (rt),27146
Cardiovascular system,Decending aorta (luminal),Left gastric a,27147
Cardiovascular system,Decending aorta (luminal), Inferior gluteal a. (lt),27148
Cardiovascular system,Decending aorta (luminal), Inferior vesical a. (rt),27149
Cardiovascular system,Decending aorta (luminal), Inferior vesical a. (lt),27150
Cardiovascular system,Decending aorta (luminal), Internal pudendal a. (rt),27151
Cardiovascular system,Decending aorta (luminal), Internal pudendal a. (lt),27152
Cardiovascular system,Decending aorta (luminal), External iliac a. (rt),27153
Cardiovascular system,Decending aorta (luminal), External iliac a. (lt),27154
Cardiovascular system,Decending aorta (luminal), Inferior epigastric a. (lt),27155
Cardiovascular system,Decending aorta (luminal), Femoral a. (rt),27156
Cardiovascular system,Decending aorta (luminal), Femoral a. (lt),27157
Cardiovascular system,Decending aorta (luminal),Common hepatic a,27158
Cardiovascular system,Decending aorta (luminal), Deep femoral a. (rt),27159
Cardiovascular system,Decending aorta (luminal), Deep femoral a. (lt),27160
Cardiovascular system,Decending aorta (luminal), Popliteal a. (rt),27161
Cardiovascular system,Decending aorta (luminal), Popliteal a. (lt),27162
Cardiovascular system,Decending aorta (luminal), Anterior tibial a. (rt),27163
Cardiovascular system,Decending aorta (luminal), Anterior tibial a. (lt),27164
Cardiovascular system,Decending aorta (luminal), Posterior tibial a. (rt),27165
Cardiovascular system,Decending aorta (luminal), Posterior tibial a. (lt),27166
Cardiovascular system,Decending aorta (luminal),Gastroduodenal a,27167
Cardiovascular system,Decending aorta (luminal),Proper hepatic a,27168
Cardiovascular system,Decending aorta (luminal),Cystic a,27169
Cardiovascular system,Decending aorta (luminal),Splenic a,27170
Cardiovascular system,Decending aorta (luminal),Superior mesenteric a,27171
Cardiovascular system,Decending aorta (luminal),Inferior mesenteric a,27172
Cardiovascular system,Coronary sinus (luminal),Coronary sinus,27264
Cardiovascular system,Coronary sinus (luminal),Great cardiac v,27265
Cardiovascular system,Coronary sinus (luminal),Middle cardiac v,27266
Cardiovascular system,Coronary sinus (luminal),Small cardiac v,27267
Cardiovascular system,Pulmonary vein (luminal),Right superior pulmonary v,27392
Cardiovascular system,Pulmonary vein (luminal),Right inferior pulmonary v,27393
Cardiovascular system,Pulmonary vein (luminal),Left superior pulmonary v,27394
Cardiovascular system,Pulmonary vein (luminal),Left inferior pulmonary v,27395
Cardiovascular system,Superior vena cava (luminal),Superior vena cava,27520
Cardiovascular system,Superior vena cava (luminal), Superior sagittal sinus,27521
Cardiovascular system,Superior vena cava (luminal), Inferior sagittal sinus,27522
Cardiovascular system,Superior vena cava (luminal), Straight sinus,27523
Cardiovascular system,Superior vena cava (luminal), Axillary v. (rt),27524
Cardiovascular system,Superior vena cava (luminal), Axillary v. (lt),27525
Cardiovascular system,Superior vena cava (luminal), Brachial v. (rt),27526
Cardiovascular system,Superior vena cava (luminal), Brachial v. (lt),27527
Cardiovascular system,Superior vena cava (luminal), Basilic v. (rt),27528
Cardiovascular system,Superior vena cava (luminal), Basilic v. (lt),27529
Cardiovascular system,Superior vena cava (luminal), Cephalic v. (rt),27530
Cardiovascular system,Superior vena cava (luminal),Internal jugular v. (rt),27531
Cardiovascular system,Superior vena cava (luminal), Cephalic v. (lt),27532
Cardiovascular system,Superior vena cava (luminal), Azygos v,27533
Cardiovascular system,Superior vena cava (luminal), Hemi-azygos v,27534
Cardiovascular system,Superior vena cava (luminal), Accessory hemi-azygos v,27535
Cardiovascular system,Superior vena cava (luminal),Internal jugular v. (lt),27536
Cardiovascular system,Superior vena cava (luminal),Transverse sinus (rt),27537
Cardiovascular system,Superior vena cava (luminal),Transverse sinus (lt),27538
Cardiovascular system,Superior vena cava (luminal),Confluence of sinuses,27539
Cardiovascular system,Superior vena cava (luminal),Occipital sinus,27540
Cardiovascular system,Superior vena cava (luminal),Sigmoid sinus (rt),27541
Cardiovascular system,Superior vena cava (luminal),Sigmoid sinus (lt),27542
Cardiovascular system,Inferior vena cava (luminal),Inferior vena cava,27648
Cardiovascular system,Inferior vena cava (luminal), External iliac v. (rt),27649
Cardiovascular system,Inferior vena cava (luminal), External iliac v. (lt),27650
Cardiovascular system,Inferior vena cava (luminal), Great saphenous v. (rt),27651
Cardiovascular system,Inferior vena cava (luminal), Great saphenous v. (lt),27652
Cardiovascular system,Inferior vena cava (luminal), Small saphenous v. (rt),27653
Cardiovascular system,Inferior vena cava (luminal), Small saphenous v. (lt),27654
Cardiovascular system,Inferior vena cava (luminal), Femoral v. (rt),27655
Cardiovascular system,Inferior vena cava (luminal), Femoral v. (lt),27656
Cardiovascular system,Inferior vena cava (luminal), Popliteal v. (rt),27657
Cardiovascular system,Inferior vena cava (luminal), Superior mesenteric v,27658
Cardiovascular system,Inferior vena cava (luminal),Right hepatic v,27659
Cardiovascular system,Inferior vena cava (luminal), Splenic v,27660
Cardiovascular system,Inferior vena cava (luminal), Inferior messenteric v,27661
Cardiovascular system,Inferior vena cava (luminal),Intermediate hepatic v,27662
Cardiovascular system,Inferior vena cava (luminal),Left hepatic v,27663
Cardiovascular system,Inferior vena cava (luminal),Right renal v,27664
Cardiovascular system,Inferior vena cava (luminal),Left renal v,27665
Cardiovascular system,Inferior vena cava (luminal),Common iliac v,27666
Cardiovascular system,Inferior vena cava (luminal),Internal iliac v. (rt),27667
Cardiovascular system,Inferior vena cava (luminal),Internal iliac v. (lt),27668
