Skeletal system,Cranium,Cranium without mandible
Skeletal system,Cranium,Parietal bone
Skeletal system,Cranium,Frontal bone
Skeletal system,Cranium,Occipital bone
Skeletal system,Cranium,Temporal bone
Skeletal system,Cranium,Ethmoid bone
Skeletal system,Cranium,Crista galli 
Skeletal system,Cranium,Lacrimal bone (rt)
Skeletal system,Cranium,Lacrimal bone (lt)
Skeletal system,Cranium,Nasal bone
Skeletal system,Cranium,Maxilla
Skeletal system,Cranium,Zygomatic bone (rt)
Skeletal system,Cranium,Zygomatic bone (lt)
Skeletal system,Cranium,Mandible
Skeletal system,Vertebral column,First cervical vertebra
Skeletal system,Vertebral column,Second cervical vertebra
Skeletal system,Vertebral column,Third cervical vertebra
Skeletal system,Vertebral column,Fourth cervical vertebra
Skeletal system,Vertebral column,Fifth cervical vertebra
Skeletal system,Vertebral column,Sixth cervical vertebra
Skeletal system,Vertebral column,Seventh cervical vertebra
Skeletal system,Vertebral column,First thoracic vertebra
Skeletal system,Vertebral column,Second thoracic vertebra
Skeletal system,Vertebral column,Third thoracic vertebra
Skeletal system,Vertebral column,Fourth thoracic vertebra
Skeletal system,Vertebral column,Fifth thoracic vertebra
Skeletal system,Vertebral column,Sixth thoracic vertebra
Skeletal system,Vertebral column,Seventh thoracic vertebra
Skeletal system,Vertebral column,Eighth thoracic vertebra
Skeletal system,Vertebral column,Ninth thoracic vertebra
Skeletal system,Vertebral column,Tenth thoracic vertebra
Skeletal system,Vertebral column,Eleventh thoracic vertebra
Skeletal system,Vertebral column,Twelfth thoracic vertebra
Skeletal system,Vertebral column,First lumbar vertebra
Skeletal system,Vertebral column,Second lumbar vertebra
Skeletal system,Vertebral column,Third lumbar vertebra
Skeletal system,Vertebral column,Fourth lumbar vertebra
Skeletal system,Vertebral column,Fifth lumbar vertebra
Skeletal system,Vertebral column,Sacrum
Skeletal system,Vertebral column,Coccyx
Skeletal system,Thoracic skeleton,First rib (rt)
Skeletal system,Thoracic skeleton,First rib (lt)
Skeletal system,Thoracic skeleton,Second rib (rt)
Skeletal system,Thoracic skeleton,Second rib (lt)
Skeletal system,Thoracic skeleton,Third rib (rt)
Skeletal system,Thoracic skeleton,Third rib (lt)
Skeletal system,Thoracic skeleton,Fourth rib (rt)
Skeletal system,Thoracic skeleton,Fourth rib (lt)
Skeletal system,Thoracic skeleton,Fifth rib (rt)
Skeletal system,Thoracic skeleton,Fifth rib (lt)
Skeletal system,Thoracic skeleton,Sixth rib (rt)
Skeletal system,Thoracic skeleton,Sixth rib (lt)
Skeletal system,Thoracic skeleton,Seventh rib (rt)
Skeletal system,Thoracic skeleton,Seventh rib (lt)
Skeletal system,Thoracic skeleton,Eighth rib (rt)
Skeletal system,Thoracic skeleton,Eighth rib (lt)
Skeletal system,Thoracic skeleton,Ninth rib (rt)
Skeletal system,Thoracic skeleton,Ninth rib (lt)
Skeletal system,Thoracic skeleton,Tenth rib (rt)
Skeletal system,Thoracic skeleton,Tenth rib (lt)
Skeletal system,Thoracic skeleton,Eleventh rib (rt)
Skeletal system,Thoracic skeleton,Eleventh rib (lt)
Skeletal system,Thoracic skeleton,Twelfth rib (rt)
Skeletal system,Thoracic skeleton,Twelfth rib (lt)
Skeletal system,Thoracic skeleton,Sternum
Skeletal system,Bones of upper limb,Scapula (rt)
Skeletal system,Bones of upper limb,Scapula (lt)
Skeletal system,Bones of upper limb,Clavicle (rt)
Skeletal system,Bones of upper limb,Clavicle (lt)
Skeletal system,Bones of upper limb,Humerus (rt)
Skeletal system,Bones of upper limb,Humerus (lt)
Skeletal system,Bones of upper limb,Radius (rt)
Skeletal system,Bones of upper limb,Radius (lt)
Skeletal system,Bones of upper limb,Ulna (rt)
Skeletal system,Bones of upper limb,Ulna (lt)
Skeletal system,Bones of upper limb,Scaphoid (rt)
Skeletal system,Bones of upper limb,Scaphoid (lt)
Skeletal system,Bones of upper limb,Lunate (rt)
Skeletal system,Bones of upper limb,Lunate (lt)
Skeletal system,Bones of upper limb,Triquetrum (rt)
Skeletal system,Bones of upper limb,Triquetrum (lt)
Skeletal system,Bones of upper limb,Pisiform (rt)
Skeletal system,Bones of upper limb,Pisiform (lt)
Skeletal system,Bones of upper limb,Trapezium (rt)
Skeletal system,Bones of upper limb,Trapezium (lt)
Skeletal system,Bones of upper limb,Trapezoid (rt)
Skeletal system,Bones of upper limb,Trapezoid (lt)
Skeletal system,Bones of upper limb,Capitate (rt)
Skeletal system,Bones of upper limb,Capitate (lt)
Skeletal system,Bones of upper limb,Hamate (rt)
Skeletal system,Bones of upper limb,Hamate (lt)
Skeletal system,Bones of upper limb,First metacarpal bone (rt)
Skeletal system,Bones of upper limb,First metacarpal bone (lt)
Skeletal system,Bones of upper limb,Second metacarpal bone (rt)
Skeletal system,Bones of upper limb,Second metacarpal bone (lt)
Skeletal system,Bones of upper limb,Third metacarpal bone (rt)
Skeletal system,Bones of upper limb,Third metacarpal bone (lt)
Skeletal system,Bones of upper limb,Fourth metacarpal bone (rt)
Skeletal system,Bones of upper limb,Fourth metacarpal bone (lt)
Skeletal system,Bones of upper limb,Fifth metacarpal bone (rt)
Skeletal system,Bones of upper limb,Fifth metacarpal bone (lt)
Skeletal system,Bones of upper limb,First proximal phalanx (rt)
Skeletal system,Bones of upper limb,First proximal phalanx (lt)
Skeletal system,Bones of upper limb,Second proximal phalanx (rt)
Skeletal system,Bones of upper limb,Second proximal phalanx (lt)
Skeletal system,Bones of upper limb,Third proximal phalanx (rt)
Skeletal system,Bones of upper limb,Third proximal phalanx (lt)
Skeletal system,Bones of upper limb,Fourth proximal phalanx (rt)
Skeletal system,Bones of upper limb,Fourth proximal phalanx (lt)
Skeletal system,Bones of upper limb,Fifth proximal phalanx (rt)
Skeletal system,Bones of upper limb,Fifth proximal phalanx (lt)
Skeletal system,Bones of upper limb,Second middle phalanx (rt)
Skeletal system,Bones of upper limb,Second middle phalanx (lt)
Skeletal system,Bones of upper limb,Third middle phalanx (rt)
Skeletal system,Bones of upper limb,Third middle phalanx (lt)
Skeletal system,Bones of upper limb,Fourth middle phalanx (rt)
Skeletal system,Bones of upper limb,Fourth middle phalanx (lt)
Skeletal system,Bones of upper limb,Fifth middle phalanx (rt)
Skeletal system,Bones of upper limb,Fifth middle phalanx (lt)
Skeletal system,Bones of upper limb,First distal phalanx (rt)
Skeletal system,Bones of upper limb,First distal phalanx (lt)
Skeletal system,Bones of upper limb,Second distal phalanx (rt)
Skeletal system,Bones of upper limb,Second distal phalanx (lt)
Skeletal system,Bones of upper limb,Third distal phalanx (rt)
Skeletal system,Bones of upper limb,Third distal phalanx (lt)
Skeletal system,Bones of upper limb,Fourth distal phalanx (rt)
Skeletal system,Bones of upper limb,Fourth distal phalanx (lt)
Skeletal system,Bones of upper limb,Fifth distal phalanx (rt)
Skeletal system,Bones of upper limb,Fifth distal phalanx (lt)
Skeletal system,Bones of lower limb,Hip bone (rt)
Skeletal system,Bones of lower limb,Hip bone (lt)
Skeletal system,Bones of lower limb,Femur (rt)
Skeletal system,Bones of lower limb,Femur (lt)
Skeletal system,Bones of lower limb,Patella (rt)
Skeletal system,Bones of lower limb,Patella (lt)
Skeletal system,Bones of lower limb,Tibia (rt)
Skeletal system,Bones of lower limb,Tibia (lt)
Skeletal system,Bones of lower limb,Fibula (rt)
Skeletal system,Bones of lower limb,Fibula (lt)
Skeletal system,Bones of lower limb,Talus (rt)
Skeletal system,Bones of lower limb,Talus (lt)
Skeletal system,Bones of lower limb,Calcaneum (rt)
Skeletal system,Bones of lower limb,Calcaneum (lt)
Skeletal system,Bones of lower limb,Navicular (rt)
Skeletal system,Bones of lower limb,Navicular (lt)
Skeletal system,Bones of lower limb,Medial cuneiform (rt)
Skeletal system,Bones of lower limb,Medial cuneiform (lt)
Skeletal system,Bones of lower limb,Intermediate cuneiform (rt)
Skeletal system,Bones of lower limb,Intermediate cuneiform (lt)
Skeletal system,Bones of lower limb,Lateral cuneiform (rt)
Skeletal system,Bones of lower limb,Lateral cuneiform (lt)
Skeletal system,Bones of lower limb,Cuboid (rt)
Skeletal system,Bones of lower limb,Cuboid (lt)
Skeletal system,Bones of lower limb,First metatarsal bone (rt)
Skeletal system,Bones of lower limb,First metatarsal bone (lt)
Skeletal system,Bones of lower limb,Second metatarsal bone (rt)
Skeletal system,Bones of lower limb,Second metatarsal bone (lt)
Skeletal system,Bones of lower limb,Third metatarsal bone (rt)
Skeletal system,Bones of lower limb,Third metatarsal bone (lt)
Skeletal system,Bones of lower limb,Fourth metatarsal bone (rt)
Skeletal system,Bones of lower limb,Fourth metatarsal bone (lt)
Skeletal system,Bones of lower limb,Fifth metatarsal bone (rt)
Skeletal system,Bones of lower limb,Fifth metatarsal bone (lt)
Skeletal system,Bones of lower limb,First proximal phalanx (rt)
Skeletal system,Bones of lower limb,First proximal phalanx (lt)
Skeletal system,Bones of lower limb,Second proximal phalanx (rt)
Skeletal system,Bones of lower limb,Second proximal phalanx (lt)
Skeletal system,Bones of lower limb,Third proximal phalanx (rt)
Skeletal system,Bones of lower limb,Third proximal phalanx (lt)
Skeletal system,Bones of lower limb,Fourth proximal phalanx (rt)
Skeletal system,Bones of lower limb,Fourth proximal phalanx (lt)
Skeletal system,Bones of lower limb,Fifth proximal phalanx (rt)
Skeletal system,Bones of lower limb,Fifth proximal phalanx (lt)
Skeletal system,Bones of lower limb,Second middle phalanx (rt)
Skeletal system,Bones of lower limb,Second middle phalanx (lt)
Skeletal system,Bones of lower limb,Third middle phalanx (rt)
Skeletal system,Bones of lower limb,Third middle phalanx (lt)
Skeletal system,Bones of lower limb,Fourth middle phalanx (rt)
Skeletal system,Bones of lower limb,Fourth middle phalanx (lt)
Skeletal system,Bones of lower limb,Fifth middle phalanx (rt)
Skeletal system,Bones of lower limb,Fifth middle phalanx (lt)
Skeletal system,Bones of lower limb,First distal phalanx (rt)
Skeletal system,Bones of lower limb,First distal phalanx (lt)
Skeletal system,Bones of lower limb,Second distal phalanx (rt)
Skeletal system,Bones of lower limb,Second distal phalanx (lt)
Skeletal system,Bones of lower limb,Third distal phalanx (rt)
Skeletal system,Bones of lower limb,Third distal phalanx (lt)
Skeletal system,Bones of lower limb,Fourth distal phalanx (rt)
Skeletal system,Bones of lower limb,Fourth distal phalanx (lt)
Skeletal system,Bones of lower limb,Fifth distal phalanx (rt)
Skeletal system,Bones of lower limb,Fifth distal phalanx (lt)
Articular system,Vertebral joints,Interspinous ligament (L I - L II)
Articular system,Vertebral joints,Interspinous ligament (L II - L III)
Articular system,Vertebral joints,Interspinous ligament (L III - L IV)
Articular system,Vertebral joints,Interspinous ligament (L IV - L V)
Articular system,Vertebral joints,Interspinous ligament (L V - Sacrum)
Articular system,Vertebral joints,Ligamentum flavum (L I - L II)
Articular system,Vertebral joints,Ligamentum flavum (L II - L III)
Articular system,Vertebral joints,Ligamentum flavum (L III - L IV)
Articular system,Vertebral joints,Ligamentum flavum (L IV - L V)
Articular system,Vertebral joints,Ligamentum flavum (L V - Sacrum)
Articular system,Vertebral joints,Supraspinous ligament
Articular system,Vertebral joints,Anterior longitudinal ligament
Articular system,Vertebral joints,Posterior longitudinal ligament
Articular system,Vertebral joints,Intervertebral disc (C II - C III)
Articular system,Vertebral joints,Intervertebral disc (C III - C IV)
Articular system,Vertebral joints,Intervertebral disc (C IV - C V)
Articular system,Vertebral joints,Intervertebral disc (C V - C VI)
Articular system,Vertebral joints,Intervertebral disc (C VI - C VII)
Articular system,Vertebral joints,Intervertebral disc (C VII - T I)
Articular system,Vertebral joints,Intervertebral disc (T I - T II)
Articular system,Vertebral joints,Intervertebral disc (T II - T III)
Articular system,Vertebral joints,Intervertebral disc (T III - T IV)
Articular system,Vertebral joints,Intervertebral disc (T IV - T V)
Articular system,Vertebral joints,Intervertebral disc (T V - T VI)
Articular system,Vertebral joints,Intervertebral disc (T VI - T VII)
Articular system,Vertebral joints,Intervertebral disc (T VII - T VIII)
Articular system,Vertebral joints,Intervertebral disc (T VIII - T IX)
Articular system,Vertebral joints,Intervertebral disc (T IX - T X)
Articular system,Vertebral joints,Intervertebral disc (T X - T XI)
Articular system,Vertebral joints,Intervertebral disc (T XI - T XII)
Articular system,Vertebral joints,Intervertebral disc (T XII - L I)
Articular system,Vertebral joints,Intervertebral disc (L I - L II)
Articular system,Vertebral joints,Intervertebral disc (L II - L III)
Articular system,Vertebral joints,Intervertebral disc (L III - L IV)
Articular system,Vertebral joints,Intervertebral disc (L IV - L V)
Articular system,Vertebral joints,Intervertebral disc (L V - Sacrum)
Articular system,joints of lower limb,Sacrotuberous ligament (rt)
Articular system,joints of lower limb,Sacrotuberous ligament (lt)
Articular system,joints of lower limb,Sacrospinous ligament (rt)
Articular system,joints of lower limb,Sacrospinous ligament (lt)
Articular system,joints of lower limb,Acetabular labrum (rt)
Articular system,joints of lower limb,Acetabular labrum (lt)
Articular system,joints of lower limb,Transverse acetabular ligament (rt)
Articular system,joints of lower limb,Transverse acetabular ligament (lt)
Articular system,joints of lower limb,Ligament of head of femur (rt)
Articular system,joints of lower limb,Ligament of head of femur (lt)
Articular system,joints of lower limb,Lateral meniscus (lt)
Articular system,joints of lower limb,Medial meniscus (lt)
Articular system,joints of lower limb,Anterior cruciate ligament (lt)
Articular system,joints of lower limb,Posterior cruciate ligament (lt)
Articular system,joints of lower limb,Fibular collateral ligament (lt)
Articular system,joints of lower limb,Tibial collateral ligament (lt)
Muscular system,Muscles of head,Buccinator m. (rt)
Muscular system,Muscles of head,Buccinator m. (lt)
Muscular system,Muscles of head,Masseter m. (rt)
Muscular system,Muscles of head,Masseter m. (lt)
Muscular system,Muscles of head,Temporal m. (rt)
Muscular system,Muscles of head,Temporal m. (lt)
Muscular system,Muscles of head,Lateral pterygoid m. (rt)
Muscular system,Muscles of head,Lateral pterygoid m. (lt)
Muscular system,Muscles of head,Medial pterygoid m. (rt)
Muscular system,Muscles of head,Medial pterygoid m. (lt)
Muscular system,Muscles of neck,Longus capitis m. (rt)
Muscular system,Muscles of neck,Longus capitis m. (lt)
Muscular system,Muscles of neck,Anterior scalenus m. (rt)
Muscular system,Muscles of neck,Anterior scalenus m. (lt)
Muscular system,Muscles of neck,Middle scalenus m. (rt)
Muscular system,Muscles of neck,Middle scalenus m. (lt)
Muscular system,Muscles of neck,Posterior scalenus m. (rt)
Muscular system,Muscles of neck,Posterior scalenus m. (lt)
Muscular system,Muscles of neck,Sternocleidomastoid m. (rt)
Muscular system,Muscles of neck,Sternocleidomastoid m. (lt)
Muscular system,Muscles of neck,Anterior rectus capitis m. (rt)
Muscular system,Muscles of neck,Anterior rectus capitis m. (lt)
Muscular system,Muscles of neck,Rectus capitis lateralis m. (rt)
Muscular system,Muscles of neck,Rectus capitis lateralis m. (lt)
Muscular system,Muscles of neck,Posterior rectus capitis major m. (rt)
Muscular system,Muscles of neck,Posterior rectus capitis major m. (lt)
Muscular system,Muscles of neck,Posterior rectus capitis minor m. (rt)
Muscular system,Muscles of neck,Posterior rectus capitis minor m. (lt)
Muscular system,Muscles of neck,Superior obliquus capitis m. (rt)
Muscular system,Muscles of neck,Superior obliquus capitis m. (lt)
Muscular system,Muscles of neck,Inferior obliquus capitis m. (rt)
Muscular system,Muscles of neck,Inferior obliquus capitis m. (lt)
Muscular system,Muscles of neck,Digastric m. (rt)
Muscular system,Muscles of neck,Digastric m. (lt)
Muscular system,Muscles of neck,Stylohyoid m. (rt)
Muscular system,Muscles of neck,Stylohyoid m. (lt)
Muscular system,Muscles of neck,Mylohyoid m. (rt)
Muscular system,Muscles of neck,Mylohyoid m. (lt)
Muscular system,Muscles of neck,Geniohyoid m. (rt)
Muscular system,Muscles of neck,Geniohyoid m. (lt)
Muscular system,Muscles of neck,Sternohyoid m. (rt)
Muscular system,Muscles of neck,Sternohyoid m. (lt)
Muscular system,Muscles of neck,Omohyoid m. (rt)
Muscular system,Muscles of neck,Omohyoid m. (lt)
Muscular system,Muscles of neck,Sternothyroid m. (rt)
Muscular system,Muscles of neck,Sternothyroid m. (lt)
Muscular system,Muscles of neck,Thyrohyoid m. (rt)
Muscular system,Muscles of back,Trapezius m. (rt)
Muscular system,Muscles of back,Trapezius m. (lt)
Muscular system,Muscles of back,Latissimus dorsi m. (rt)
Muscular system,Muscles of back,Latissimus dorsi m. (lt)
Muscular system,Muscles of back,Rhomboid major m. (rt)
Muscular system,Muscles of back,Rhomboid major m. (lt)
Muscular system,Muscles of back,Rhomboid minor m. (rt)
Muscular system,Muscles of back,Rhomboid minor m. (lt)
Muscular system,Muscles of back,Levator scapulae m. (rt)
Muscular system,Muscles of back,Levator scapulae m. (lt)
Muscular system,Muscles of back,Posterior superior serratus m. (rt)
Muscular system,Muscles of back,Posterior superior serratus m. (lt)
Muscular system,Muscles of back,Longissimus capitis m. (rt)
Muscular system,Muscles of back,Longissimus capitis m. (lt)
Muscular system,Muscles of back,Splenius capitis m. (rt)
Muscular system,Muscles of back,Splenius capitis m. (lt)
Muscular system,Muscles of back,Semispinalis capitis m. (rt)
Muscular system,Muscles of back,Semispinalis capitis m. (lt)
Muscular system,Muscles of back,Iliocostalis m. (rt)
Muscular system,Muscles of back,Iliocostalis m. (lt)
Muscular system,Muscles of back,Longissimus m. (rt)
Muscular system,Muscles of back,Longissimus m. (lt)
Muscular system,Muscles of back,Transversospinales m. (rt)
Muscular system,Muscles of back,Transversospinales m. (lt)
Muscular system,Muscles of thorax,Pectoralis major m. (rt)
Muscular system,Muscles of thorax,Pectoralis major m. (lt)
Muscular system,Muscles of thorax,Pectoralis minor m. (rt)
Muscular system,Muscles of thorax,Pectoralis minor m. (lt)
Muscular system,Muscles of thorax,Subclavius m. (rt)
Muscular system,Muscles of thorax,Subclavius m. (lt)
Muscular system,Muscles of thorax,Anterior serratus m. (rt)
Muscular system,Muscles of thorax,Anterior serratus m. (lt)
Muscular system,Muscles of thorax,Intercostal m. (rt)
Muscular system,Muscles of thorax,Intercostal m. (lt)
Muscular system,Muscles of thorax,Diaphragm
Muscular system,Muscles of abdomen,Rectus abdominis m. (rt)
Muscular system,Muscles of abdomen,Rectus abdominis m. (lt)
Muscular system,Muscles of abdomen,External oblique abdominal m. (rt)
Muscular system,Muscles of abdomen,External oblique abdominal m. (lt)
Muscular system,Muscles of abdomen,Internal oblique abdominal m. (rt)
Muscular system,Muscles of abdomen,Internal oblique abdominal m. (lt)
Muscular system,Muscles of abdomen,Transversus abdominis m. (rt)
Muscular system,Muscles of abdomen,Transversus abdominis m. (lt)
Muscular system,Muscles of abdomen,Quadratus lumborum m. (rt)
Muscular system,Muscles of abdomen,Quadratus lumborum m. (lt)
Muscular system,Muscles of abdomen,Levator ani m.
Muscular system,Muscles of abdomen,Coccygeus m. (rt)
Muscular system,Muscles of abdomen,Coccygeus m. (lt)
Muscular system,Muscles of upper limb,Deltoid m. (rt)
Muscular system,Muscles of upper limb,Deltoid m. (lt)
Muscular system,Muscles of upper limb,Supraspinatus m. (rt)
Muscular system,Muscles of upper limb,Supraspinatus m. (lt)
Muscular system,Muscles of upper limb,Infraspinatus m. (rt)
Muscular system,Muscles of upper limb,Infraspinatus m. (lt)
Muscular system,Muscles of upper limb,Teres minor m. (rt)
Muscular system,Muscles of upper limb,Teres minor m. (lt)
Muscular system,Muscles of upper limb,Teres major m. (rt)
Muscular system,Muscles of upper limb,Teres major m. (lt)
Muscular system,Muscles of upper limb,Subscapularis m. (rt)
Muscular system,Muscles of upper limb,Subscapularis m. (lt)
Muscular system,Muscles of upper limb,Biceps brachii m. (rt)
Muscular system,Muscles of upper limb,Biceps brachii m. (lt)
Muscular system,Muscles of upper limb,Coracobrachialis m. (rt)
Muscular system,Muscles of upper limb,Coracobrachialis m. (lt)
Muscular system,Muscles of upper limb,Brachialis m. (rt)
Muscular system,Muscles of upper limb,Brachialis m. (lt)
Muscular system,Muscles of upper limb,Triceps brachii m. (rt)
Muscular system,Muscles of upper limb,Triceps brachii m. (lt)
Muscular system,Muscles of upper limb,Anconeus m. (rt)
Muscular system,Muscles of upper limb,Anconeus m. (lt)
Muscular system,Muscles of upper limb,Pronator teres m. (rt)
Muscular system,Muscles of upper limb,Pronator teres m. (lt)
Muscular system,Muscles of upper limb,Flexor carpi radialis m. (rt)
Muscular system,Muscles of upper limb,Flexor carpi radialis m. (lt)
Muscular system,Muscles of upper limb,Palmaris longus m. (rt)
Muscular system,Muscles of upper limb,Palmaris longus m. (lt)
Muscular system,Muscles of upper limb,Flexor carpi ulnaris m. (rt)
Muscular system,Muscles of upper limb,Flexor carpi ulnaris m. (lt)
Muscular system,Muscles of upper limb,Flexor digitorum superficialis m. (rt)
Muscular system,Muscles of upper limb,Flexor digitorum superficialis m. (lt)
Muscular system,Muscles of upper limb,Flexor digitorum profundus m. (rt)
Muscular system,Muscles of upper limb,Flexor digitorum profundus m. (lt)
Muscular system,Muscles of upper limb,Flexor pollicis longus m. (rt)
Muscular system,Muscles of upper limb,Flexor pollicis longus m. (lt)
Muscular system,Muscles of upper limb,Pronator quadratus m. (rt)
Muscular system,Muscles of upper limb,Pronator quadratus m. (lt)
Muscular system,Muscles of upper limb,Brachioradialis m. (rt)
Muscular system,Muscles of upper limb,Brachioradialis m. (lt)
Muscular system,Muscles of upper limb,Extensor carpi radialis longus m. (rt)
Muscular system,Muscles of upper limb,Extensor carpi radialis longus m. (lt)
Muscular system,Muscles of upper limb,Extensor carpi radialis brevis m. (rt)
Muscular system,Muscles of upper limb,Extensor carpi radialis brevis m. (lt)
Muscular system,Muscles of upper limb,Extensor digitorum m. (rt)
Muscular system,Muscles of upper limb,Extensor digitorum m. (lt)
Muscular system,Muscles of upper limb,Extensor digiti minimi m. (rt)
Muscular system,Muscles of upper limb,Extensor digiti minimi m. (lt)
Muscular system,Muscles of upper limb,Extensor carpi ulnaris m. (rt)
Muscular system,Muscles of upper limb,Extensor carpi ulnaris m. (lt)
Muscular system,Muscles of upper limb,Supinator m. (rt)
Muscular system,Muscles of upper limb,Supinator m. (lt)
Muscular system,Muscles of upper limb,Abductor pollicis longus m. (rt)
Muscular system,Muscles of upper limb,Abductor pollicis longus m. (lt)
Muscular system,Muscles of upper limb,Extensor pollicis brevis m. (rt)
Muscular system,Muscles of upper limb,Extensor pollicis brevis m. (lt)
Muscular system,Muscles of upper limb,Extensor pollicis longus m. (rt)
Muscular system,Muscles of upper limb,Extensor pollicis longus m. (lt)
Muscular system,Muscles of upper limb,Extensor indicis m. (rt)
Muscular system,Muscles of upper limb,Extensor indicis m. (lt)
Muscular system,Muscles of upper limb,Palmaris brevis m. (rt)
Muscular system,Muscles of upper limb,Palmaris brevis m. (lt)
Muscular system,Muscles of upper limb,Abductor pollicis brevis m. (rt)
Muscular system,Muscles of upper limb,Abductor pollicis brevis m. (lt)
Muscular system,Muscles of upper limb,Flexor pollicis brevis m. (rt)
Muscular system,Muscles of upper limb,Flexor pollicis brevis m. (lt)
Muscular system,Muscles of upper limb,Opponens pollicis m. (rt)
Muscular system,Muscles of upper limb,Opponens pollicis m. (lt)
Muscular system,Muscles of upper limb,Adductor pollicis m. (rt)
Muscular system,Muscles of upper limb,Adductor pollicis m. (lt)
Muscular system,Muscles of upper limb,Abductor digiti minimi m. (rt)
Muscular system,Muscles of upper limb,Abductor digiti minimi m. (lt)
Muscular system,Muscles of upper limb,Flexor digiti minimi brevis m. (rt)
Muscular system,Muscles of upper limb,Flexor digiti minimi brevis m. (lt)
Muscular system,Muscles of upper limb,Opponens digiti minimi m. (rt)
Muscular system,Muscles of upper limb,Opponens digiti minimi m. (lt)
Muscular system,Muscles of upper limb,Lumbrical m. (rt)
Muscular system,Muscles of upper limb,Lumbrical m. (lt)
Muscular system,Muscles of upper limb,Dorsal interossei m. (rt)
Muscular system,Muscles of upper limb,Dorsal interossei m. (lt)
Muscular system,Muscles of upper limb,Palmar interossei m. (rt)
Muscular system,Muscles of upper limb,Palmar interossei m. (lt)
Muscular system,Muscles of lower limb,Iliopsoas m. (rt)
Muscular system,Muscles of lower limb,Iliopsoas m. (lt)
Muscular system,Muscles of lower limb,Gluteus maximus m. (rt)
Muscular system,Muscles of lower limb,Gluteus maximus m. (lt)
Muscular system,Muscles of lower limb,Gluteus medius m. (lt)
Muscular system,Muscles of lower limb,Gluteus minimus m. (lt)
Muscular system,Muscles of lower limb,Tensor fasciae latae m. (rt)
Muscular system,Muscles of lower limb,Tensor fasciae latae m. (lt)
Muscular system,Muscles of lower limb,Piriformis m. (rt)
Muscular system,Muscles of lower limb,Piriformis m. (lt)
Muscular system,Muscles of lower limb,Obturator internus m. (rt)
Muscular system,Muscles of lower limb,Obturator internus m. (lt)
Muscular system,Muscles of lower limb,Superior gemellus m. (lt)
Muscular system,Muscles of lower limb,Inferior gemellus m. (lt)
Muscular system,Muscles of lower limb,Quadratus femoris m. (rt)
Muscular system,Muscles of lower limb,Quadratus femoris m. (lt)
Muscular system,Muscles of lower limb,Sartorius m. (rt)
Muscular system,Muscles of lower limb,Sartorius m. (lt)
Muscular system,Muscles of lower limb,Rectus femoris m. (rt)
Muscular system,Muscles of lower limb,Rectus femoris m. (lt)
Muscular system,Muscles of lower limb,Vastus lateralis m. (rt)
Muscular system,Muscles of lower limb,Vastus lateralis m. (lt)
Muscular system,Muscles of lower limb,Vastus intermedius m. (rt)
Muscular system,Muscles of lower limb,Vastus intermedius m. (lt)
Muscular system,Muscles of lower limb,Vastus medialis m. (rt)
Muscular system,Muscles of lower limb,Vastus medialis m. (lt)
Muscular system,Muscles of lower limb,Articularis genus m. (rt)
Muscular system,Muscles of lower limb,Articularis genus m. (lt)
Muscular system,Muscles of lower limb,Pectineus m. (rt)
Muscular system,Muscles of lower limb,Pectineus m. (lt)
Muscular system,Muscles of lower limb,Adductor longus m. (rt)
Muscular system,Muscles of lower limb,Adductor longus m. (lt)
Muscular system,Muscles of lower limb,Adductor brevis m. (rt)
Muscular system,Muscles of lower limb,Adductor brevis m. (lt)
Muscular system,Muscles of lower limb,Adductor magnus m. (rt)
Muscular system,Muscles of lower limb,Adductor magnus m. (lt)
Muscular system,Muscles of lower limb,Gracilis m. (rt)
Muscular system,Muscles of lower limb,Gracilis m. (lt)
Muscular system,Muscles of lower limb,Obturator externus m. (rt)
Muscular system,Muscles of lower limb,Obturator externus m. (lt)
Muscular system,Muscles of lower limb,Biceps femoris m. (rt)
Muscular system,Muscles of lower limb,Biceps femoris m. (lt)
Muscular system,Muscles of lower limb,Semitendinosus m. (rt)
Muscular system,Muscles of lower limb,Semitendinosus m. (lt)
Muscular system,Muscles of lower limb,Semimembranosus m. (rt)
Muscular system,Muscles of lower limb,Semimembranosus m. (lt)
Muscular system,Muscles of lower limb,Anterior tibialis m. (rt)
Muscular system,Muscles of lower limb,Anterior tibialis m. (lt)
Muscular system,Muscles of lower limb,Extensor digitorum longus m. (rt)
Muscular system,Muscles of lower limb,Extensor hallucis longus m. (rt)
Muscular system,Muscles of lower limb,Extensor hallucis longus m. (lt)
Muscular system,Muscles of lower limb,Fibularis longus m. (rt)
Muscular system,Muscles of lower limb,Fibularis longus m. (lt)
Muscular system,Muscles of lower limb,Fibularis brevis m. (rt)
Muscular system,Muscles of lower limb,Fibularis brevis m. (lt)
Muscular system,Muscles of lower limb,Gastrocnemius m. (rt)
Muscular system,Muscles of lower limb,Gastrocnemius m. (lt)
Muscular system,Muscles of lower limb,Soleus m. (rt)
Muscular system,Muscles of lower limb,Soleus m. (lt)
Muscular system,Muscles of lower limb,Plantaris m. (rt)
Muscular system,Muscles of lower limb,Plantaris m. (lt)
Muscular system,Muscles of lower limb,Popliteus m. (rt)
Muscular system,Muscles of lower limb,Popliteus m. (lt)
Muscular system,Muscles of lower limb,Posterior tibialis m. (rt)
Muscular system,Muscles of lower limb,Posterior tibialis m. (lt)
Muscular system,Muscles of lower limb,Flexor digitorum longus m. (rt)
Muscular system,Muscles of lower limb,Flexor digitorum longus m. (lt)
Muscular system,Muscles of lower limb,Flexor hallucis longus m. (lt)
Muscular system,Muscles of lower limb,Extensor digitorum brevis m. (rt)
Muscular system,Muscles of lower limb,Extensor digitorum brevis m. (lt)
Muscular system,Muscles of lower limb,Abductor hallucis m. (rt)
Muscular system,Muscles of lower limb,Abductor hallucis m. (lt)
Muscular system,Muscles of lower limb,Flexor hallucis brevis m. (rt)
Muscular system,Muscles of lower limb,Flexor hallucis brevis m. (lt)
Muscular system,Muscles of lower limb,Adductor hallucis m. oblique head (rt)
Muscular system,Muscles of lower limb,Adductor hallucis m. oblique head (lt)
Muscular system,Muscles of lower limb,Adductor hallucis m. transverse head (rt)
Muscular system,Muscles of lower limb,Adductor hallucis m. transverse head (lt)
Muscular system,Muscles of lower limb,Abductor digiti minimi m. (rt)
Muscular system,Muscles of lower limb,Abductor digiti minimi m. (lt)
Muscular system,Muscles of lower limb,Flexor digiti minimi brevis m. (rt)
Muscular system,Muscles of lower limb,Flexor digiti minimi brevis m. (lt)
Muscular system,Muscles of lower limb,Flexor digitorum brevis m. (rt)
Muscular system,Muscles of lower limb,Flexor digitorum brevis m. (lt)
Muscular system,Muscles of lower limb,Quadratus plantae m. (rt)
Muscular system,Muscles of lower limb,Quadratus plantae m. (lt)
Muscular system,Muscles of lower limb,Plantar interossei m. (rt)
Muscular system,Muscles of lower limb,Plantar interossei m. (lt)
Alimentary system,Salivary glands,Parotid gland (rt)
Alimentary system,Salivary glands,Parotid gland (lt)
Alimentary system,Salivary glands,Sublingual gland (rt)
Alimentary system,Salivary glands,Sublingual gland (lt)
Alimentary system,Salivary glands,Submandibular gland (rt)
Alimentary system,Salivary glands,Submandibular gland (lt)
Alimentary system,Teeth,Medial maxillary incisor tooth (rt)
Alimentary system,Teeth,Medial maxillary incisor tooth (lt)
Alimentary system,Teeth,Lateral maxillary incisor tooth (rt)
Alimentary system,Teeth,Lateral maxillary incisor tooth (lt)
Alimentary system,Teeth,Maxillary canine tooth (rt)
Alimentary system,Teeth,Maxillary canine tooth (lt)
Alimentary system,Teeth,First maxillary premolar tooth (rt)
Alimentary system,Teeth,First maxillary premolar tooth (lt)
Alimentary system,Teeth,Second maxillary premolar tooth (rt)
Alimentary system,Teeth,Second maxillary premolar tooth (lt)
Alimentary system,Teeth,First maxillary molar tooth (rt)
Alimentary system,Teeth,First maxillary molar tooth (lt)
Alimentary system,Teeth,Second maxillary molar tooth (rt)
Alimentary system,Teeth,Second maxillary molar tooth (lt)
Alimentary system,Teeth,Medial mandibular incisor tooth (rt)
Alimentary system,Teeth,Medial mandibular incisor tooth (lt)
Alimentary system,Teeth,Lateral mandibular incisor tooth (rt)
Alimentary system,Teeth,Lateral mandibular incisor tooth (lt)
Alimentary system,Teeth,Mandibular canine tooth (rt)
Alimentary system,Teeth,Mandibular canine tooth (lt)
Alimentary system,Teeth,First mandibular premolar tooth (rt)
Alimentary system,Teeth,First mandibular premolar tooth (lt)
Alimentary system,Teeth,Second mandibular premolar tooth (rt)
Alimentary system,Teeth,Second mandibular premolar tooth (lt)
Alimentary system,Teeth,First mandibular molar tooth (rt)
Alimentary system,Teeth,First mandibular molar tooth (lt)
Alimentary system,Teeth,Second mandibular molar tooth (rt)
Alimentary system,Teeth,Second mandibular molar tooth (lt)
Alimentary system,Tongue,Tongue
Alimentary system,Tongue,Genioglossus m. (rt)
Alimentary system,Tongue,Genioglossus m. (lt)
Alimentary system,Tongue,Hyoglossus m. (rt)
Alimentary system,Tongue,Hyoglossus m. (lt)
Alimentary system,Tongue,Styloglossus m. (rt)
Alimentary system,Tongue,Styloglossus m. (lt)
Alimentary system,Tongue,Palatoglossus m. (rt)
Alimentary system,Tongue,Palatoglossus m. (lt)
Alimentary system,Fauces,Soft palate
Alimentary system,Fauces,Tensor veli palatini
Alimentary system,Fauces,Levator veli palatini
Alimentary system,Pharynx,Pharynx
Alimentary system,Pharynx,Constrictor m.
Alimentary system,Pharynx,Stylopharyngeus m. (rt)
Alimentary system,Pharynx,Stylopharyngeus m. (lt)
Alimentary system,Esophagus (Stomach),Esophagus (mural)
Alimentary system,Esophagus (Stomach),Stomach (luminal)
Alimentary system,Esophagus (Stomach),Stomach (mural)
Alimentary system,Small intestine (mural),Duodenum
Alimentary system,Small intestine (mural),Jejunum and ileum
Alimentary system,Large intestine (mural),Cecum
Alimentary system,Large intestine (mural),Appendix
Alimentary system,Large intestine (mural),Ascending colon
Alimentary system,Large intestine (mural),Transverse colon
Alimentary system,Large intestine (mural),Descending colon
Alimentary system,Large intestine (mural),Sigmoid colon
Alimentary system,Large intestine (mural),Rectum
Alimentary system,Large intestine (mural),Anal canal
Alimentary system,Large intestine (mural),External anal sphincter m.
Alimentary system,Liver,Liver
Alimentary system,Liver,Common hepatic duct (luminal)
Alimentary system,Liver,Right hepatic duct (luminal)
Alimentary system,Liver,Left hepatic duct (luminal)
Alimentary system,Gallbladder (luminal),Gallbladder
Alimentary system,Gallbladder (luminal),Cystic duct
Alimentary system,Gallbladder (luminal),Common bile duct
Alimentary system,Gallbladder (luminal),Hepatopancreatic ampulla
Alimentary system,Pancreas,Pancreas
Alimentary system,Pancreas,Pancreatic duct (luminal)
Respiratory system,Nose (luminal),Nasal cavity
Respiratory system,Nose (luminal),Maxillary sinus (rt)
Respiratory system,Nose (luminal),Maxillary sinus (lt)
Respiratory system,Nose (luminal),Sphenoidal sinus (rt)
Respiratory system,Nose (luminal),Sphenoidal sinus (lt)
Respiratory system,Nose (luminal),Frontal sinus
Respiratory system,Nose (luminal),Ethmoidal cells
Respiratory system,Larynx,Cricothyroid m. (rt)
Respiratory system,Larynx,Cricothyroid m. (lt)
Respiratory system,Larynx,Posterior crico-arytenoid m. (rt)
Respiratory system,Larynx,Posterior crico-arytenoid m. (lt)
Respiratory system,Larynx,Lateral crico-arytenoid m. (rt)
Respiratory system,Larynx,Lateral crico-arytenoid m. (lt)
Respiratory system,Bronchi (luminal),Right main bronchus
Respiratory system,Bronchi (luminal),Right superior lobar bronchus
Respiratory system,Bronchi (luminal),Right apical segmental bronchus
Respiratory system,Bronchi (luminal),Right posterior segmental bronchus
Respiratory system,Bronchi (luminal),Right anterior segmental bronchus
Respiratory system,Bronchi (luminal),Right middle lobar bronchus
Respiratory system,Bronchi (luminal),Right lateral segmental bronchus
Respiratory system,Bronchi (luminal),Right medial segmental bronchus
Respiratory system,Bronchi (luminal),Right inferior lobar bronchus
Respiratory system,Bronchi (luminal),Right superior segmental bronchus
Respiratory system,Bronchi (luminal),Right medial basal segmental bronchus
Respiratory system,Bronchi (luminal),Right lateral basal segmental bronchus
Respiratory system,Bronchi (luminal),Right posterior basal segmental bronchus
Respiratory system,Bronchi (luminal),Left main bronchus
Respiratory system,Bronchi (luminal),Left superior lobar bronchus
Respiratory system,Bronchi (luminal),Left apicoposterior segmental bronchus
Respiratory system,Bronchi (luminal),Left anterior segmental bronchus
Respiratory system,Bronchi (luminal),Left superior lingular segmental bronchus
Respiratory system,Bronchi (luminal),Left inferior lingular segmental bronchus
Respiratory system,Bronchi (luminal),Left inferior lobar bronchus
Respiratory system,Bronchi (luminal),Left superior segmental bronchus
Respiratory system,Bronchi (luminal),Left medial basal segmental bronchus
Respiratory system,Bronchi (luminal),Left anterior basal segmental bronchus
Respiratory system,Bronchi (luminal),Left lateral basal segmental bronchus
Respiratory system,Bronchi (luminal),Left posterior basal segmental bronchus
Respiratory system,Lung,Right lung
Respiratory system,Lung,Left lung
Urinary system,Kidney,Right kidney
Urinary system,Kidney,Left kidney
Urinary system,Ureter,Right ureter
Urinary system,Ureter,Left ureter
Urinary system,Urinary bladder,Urinary bladder (mural)
Urinary system,Urinary bladder,Urinary bladder (luminal)
Urinary system,Urethra,Preprostatic part of urethra
Urinary system,Urethra,Prostatic urethra
Urinary system,Urethra,Intermediate part of urethra
Urinary system,Urethra,Spongy urethra
Genital system,Male internal genitalia,Testis (rt)
Genital system,Male internal genitalia,Testis (lt)
Genital system,Male internal genitalia,Epididymis (mural) (rt)
Genital system,Male internal genitalia,Epididymis (mural) (lt)
Genital system,Male internal genitalia,Ductus deferens (mural) (rt)
Genital system,Male internal genitalia,Ductus deferens (mural) (lt)
Genital system,Male internal genitalia,Seminal vesicle (mural) (rt)
Genital system,Male internal genitalia,Seminal vesicle (mural) (lt)
Genital system,Male internal genitalia,Ejaculatory duct (mural)
Genital system,Male internal genitalia,Prostate
Genital system,Male external genitalia,Corpus cavernosa penis (rt)
Genital system,Male external genitalia,Corpus cavernosa penis (lt)
Genital system,Male external genitalia,Corpus spongiosum penis
Genital system,Male external genitalia,Superficial transverse perineal m. (rt)
Genital system,Male external genitalia,Superficial transverse perineal m. (lt)
Genital system,Male external genitalia,Ischiocavernosus m. (rt)
Genital system,Male external genitalia,Ischiocavernosus m. (lt)
Genital system,Male external genitalia,Bulbospongiosus m.
Genital system,Male external genitalia,Deep transverse perineal m.
Genital system,Male external genitalia,External urethral sphincter m.
Endocrine glands,Endocrine glands,Pituitary gland
Endocrine glands,Endocrine glands,Adenohypophysis
Endocrine glands,Endocrine glands,Neurohypophysis
Endocrine glands,Endocrine glands,Thyroid gland
Cardiovascular,Heart,Heart (mural)
Cardiovascular,Heart,Right ventricle (luminal)
Cardiovascular,Heart,Right atrium (luminal)
Cardiovascular,Heart,Tricuspid valve
Cardiovascular,Heart,Pulmonary valve
Cardiovascular,Heart,Left ventricle (luminal)
Cardiovascular,Heart,Left atrium (luminal)
Cardiovascular,Heart,Mitral valve
Cardiovascular,Heart,Aortic valve
Cardiovascular,Pulmonary trunk (luminal),Pulmonary trunk
Cardiovascular,Pulmonary trunk (luminal),Right pulmonary a.
Cardiovascular,Pulmonary trunk (luminal),Left pulmonary a.
Cardiovascular,Ascending aorta (luminal),Right coronary a.
Cardiovascular,Ascending aorta (luminal),Sinu-atrial nodal branch
Cardiovascular,Ascending aorta (luminal),Posterior interventricular branch
Cardiovascular,Ascending aorta (luminal),Atrioventricular nodal branch
Cardiovascular,Ascending aorta (luminal),Left coronary a.
Cardiovascular,Ascending aorta (luminal),Anterior interventricular branch
Cardiovascular,Ascending aorta (luminal),Circumflex branch
Cardiovascular,Ascending aorta (luminal),Left marginal a. 
Cardiovascular,Arch of aorta (luminal),Common carotid a. (rt)
Cardiovascular,Arch of aorta (luminal),Common carotid a. (lt)
Cardiovascular,Arch of aorta (luminal),External carotid a. (rt)
Cardiovascular,Arch of aorta (luminal),External carotid a. (lt)
Cardiovascular,Arch of aorta (luminal),Internal carotid a. (rt)
Cardiovascular,Arch of aorta (luminal),Internal carotid a. (lt)
Cardiovascular,Arch of aorta (luminal),Subclavian a. (rt)
Cardiovascular,Arch of aorta (luminal),Subclavian a. (lt)
Cardiovascular,Arch of aorta (luminal),Vertebral a. (rt)
Cardiovascular,Arch of aorta (luminal),Vertebral a. (lt)
Cardiovascular,Arch of aorta (luminal),Basilar a.
Cardiovascular,Arch of aorta (luminal),Axillary a. (rt)
Cardiovascular,Arch of aorta (luminal),Axillary a. (lt)
Cardiovascular,Arch of aorta (luminal),Brachial a. (rt)
Cardiovascular,Arch of aorta (luminal),Brachial a. (lt)
Cardiovascular,Arch of aorta (luminal),Deep brachial a. (rt)
Cardiovascular,Arch of aorta (luminal),Deep brachial a. (lt)
Cardiovascular,Arch of aorta (luminal),Radial a. (rt)
Cardiovascular,Arch of aorta (luminal),Radial a. (lt)
Cardiovascular,Descending aorta (luminal),Celiac trunk
Cardiovascular,Descending aorta (luminal),Left gastric a.
Cardiovascular,Descending aorta (luminal),Common hepatic a.
Cardiovascular,Descending aorta (luminal),Gastroduodenal a.
Cardiovascular,Descending aorta (luminal),Proper hepatic a.
Cardiovascular,Descending aorta (luminal),Cystic a.
Cardiovascular,Descending aorta (luminal),Splenic a.
Cardiovascular,Descending aorta (luminal),Superior mesenteric a.
Cardiovascular,Descending aorta (luminal),Inferior mesenteric a.
Cardiovascular,Descending aorta (luminal),Common iliac a. (rt)
Cardiovascular,Descending aorta (luminal),Common iliac a. (lt)
Cardiovascular,Descending aorta (luminal),Internal iliac a. (rt)
Cardiovascular,Descending aorta (luminal),Internal iliac a. (lt)
Cardiovascular,Descending aorta (luminal),lliolumbar a. (rt)
Cardiovascular,Descending aorta (luminal),Obturator a. (rt)
Cardiovascular,Descending aorta (luminal),Obturator a. (lt)
Cardiovascular,Descending aorta (luminal),Superior gluteal a. (rt)
Cardiovascular,Descending aorta (luminal),Superior gluteal a. (lt)
Cardiovascular,Descending aorta (luminal),Inferior gluteal a. (rt)
Cardiovascular,Descending aorta (luminal),Inferior gluteal a. (lt)
Cardiovascular,Descending aorta (luminal),Inferior vesical a. (rt)
Cardiovascular,Descending aorta (luminal),Inferior vesical a. (lt)
Cardiovascular,Descending aorta (luminal),Internal pudendal a. (rt)
Cardiovascular,Descending aorta (luminal),Internal pudendal a. (lt)
Cardiovascular,Descending aorta (luminal),External iliac a. (rt)
Cardiovascular,Descending aorta (luminal),External iliac a. (lt)
Cardiovascular,Descending aorta (luminal),Inferior epigastric a. (lt)
Cardiovascular,Descending aorta (luminal),Femoral a. (rt)
Cardiovascular,Descending aorta (luminal),Femoral a. (lt)
Cardiovascular,Descending aorta (luminal),Deep femoral a. (rt)
Cardiovascular,Descending aorta (luminal),Deep femoral a. (lt)
Cardiovascular,Descending aorta (luminal),Popliteal a. (rt)
Cardiovascular,Descending aorta (luminal),Popliteal a. (lt)
Cardiovascular,Descending aorta (luminal),Anterior tibial a. (rt)
Cardiovascular,Descending aorta (luminal),Anterior tibial a. (lt)
Cardiovascular,Descending aorta (luminal),Posterior tibial a. (rt)
Cardiovascular,Descending aorta (luminal),Posterior tibial a. (lt)
Cardiovascular,Coronary sinus (luminal),Coronary sinus
Cardiovascular,Coronary sinus (luminal),Great cardiac v.
Cardiovascular,Coronary sinus (luminal),Middle cardiac v.
Cardiovascular,Coronary sinus (luminal),Small cardiac v.
Cardiovascular,pulmonary vein (luminal),Right superior pulmonary v.
Cardiovascular,pulmonary vein (luminal),Right inferior pulmonary v.
Cardiovascular,pulmonary vein (luminal),Left superior pulmonary v.
Cardiovascular,pulmonary vein (luminal),Left inferior pulmonary v.
Cardiovascular,Superior vena cava (luminal),Superior vena cava
Cardiovascular,Superior vena cava (luminal),Internal jugular v. (rt)
Cardiovascular,Superior vena cava (luminal),Internal jugular v. (lt)
Cardiovascular,Superior vena cava (luminal),Transverse sinus (rt)
Cardiovascular,Superior vena cava (luminal),Transverse sinus (lt)
Cardiovascular,Superior vena cava (luminal),Confluence of sinuses
Cardiovascular,Superior vena cava (luminal),Occipital sinus
Cardiovascular,Superior vena cava (luminal),Sigmoid sinus (rt)
Cardiovascular,Superior vena cava (luminal),Sigmoid sinus (lt)
Cardiovascular,Superior vena cava (luminal),Superior sagittal sinus
Cardiovascular,Superior vena cava (luminal),Inferior sagittal sinus
Cardiovascular,Superior vena cava (luminal),Straight sinus
Cardiovascular,Superior vena cava (luminal),Axillary v. (rt)
Cardiovascular,Superior vena cava (luminal),Axillary v. (lt)
Cardiovascular,Superior vena cava (luminal),Brachial v. (rt)
Cardiovascular,Superior vena cava (luminal),Brachial v. (lt)
Cardiovascular,Superior vena cava (luminal),Basilic v. (rt)
Cardiovascular,Superior vena cava (luminal),Basilic v. (lt)
Cardiovascular,Superior vena cava (luminal),Cephalic v. (rt)
Cardiovascular,Superior vena cava (luminal),Cephalic v. (lt)
Cardiovascular,Superior vena cava (luminal),Azygos v.
Cardiovascular,Superior vena cava (luminal),Hemi-azygos v.
Cardiovascular,Superior vena cava (luminal),Accessory hemi-azygos v.
Cardiovascular,Inferior vena cava (luminal),Inferior vena cava
Cardiovascular,Inferior vena cava (luminal),Right hepatic v
Cardiovascular,Inferior vena cava (luminal),Intermediate hepatic v
Cardiovascular,Inferior vena cava (luminal),Left hepatic v
Cardiovascular,Inferior vena cava (luminal),Right renal v.
Cardiovascular,Inferior vena cava (luminal),Left renal v.
Cardiovascular,Inferior vena cava (luminal),Common iliac v.
Cardiovascular,Inferior vena cava (luminal),Internal iliac v. (rt)
Cardiovascular,Inferior vena cava (luminal),Internal iliac v. (lt)
Cardiovascular,Inferior vena cava (luminal),External iliac v. (rt)
Cardiovascular,Inferior vena cava (luminal),External iliac v. (lt)
Cardiovascular,Inferior vena cava (luminal),Great saphenous v. (rt)
Cardiovascular,Inferior vena cava (luminal),Great saphenous v. (lt)
Cardiovascular,Inferior vena cava (luminal),Small saphenous v. (rt)
Cardiovascular,Inferior vena cava (luminal),Small saphenous v. (lt)
Cardiovascular,Inferior vena cava (luminal),Femoral v. (rt)
Cardiovascular,Inferior vena cava (luminal),Femoral v. (lt)
Cardiovascular,Inferior vena cava (luminal),Popliteal v. (rt)
Cardiovascular,Inferior vena cava (luminal),Superior mesenteric v.
Cardiovascular,Inferior vena cava (luminal),Splenic v.
Cardiovascular,Inferior vena cava (luminal),Inferior mesenteric v.
Lymphoid system,Lymphoid organs,Spleen
Nervous system,Spinal cord,Spinal cord
Nervous system,Brain,Cerebellum
Nervous system,Brain,Thalamus
Nervous system,Brain,Frontal lobe (rt)
Nervous system,Brain,Frontal lobe (lt)
Nervous system,Brain,Parietal lobe (rt)
Nervous system,Brain,Parietal lobe (lt)
Nervous system,Brain,Occipital lobe (rt)
Nervous system,Brain,Occipital lobe (lt)
Nervous system,Brain,Temporal lobe (rt)
Nervous system,Brain,Temporal lobe (lt)
Nervous system,Brain,Fornix
Nervous system,Brain,Lateral ventricle (rt)
Nervous system,Brain,Lateral ventricle (lt)
Nervous system,Brain,Amygdaloid nucleus (rt)
Nervous system,Brain,Amygdaloid nucleus (lt)
Nervous system,Brain,Caudate nucleus (rt)
Nervous system,Brain,Caudate nucleus (lt)
Nervous system,Brain,Putamen (rt)
Nervous system,Brain,Putamen (lt)
Nervous system,Brain,Globus pallidus (rt)
Nervous system,Brain,Globus pallidus (lt)
Nervous system,Brain,Claustrum (rt)
Nervous system,Brain,Claustrum (lt)
Nervous system,Cranial nerves,Optic n. (rt)
Nervous system,Cranial nerves,Optic n. (lt)
Nervous system,Spinal nerves,Brachial plexus (rt)
Nervous system,Spinal nerves,Brachial plexus (lt)
Nervous system,Spinal nerves,Median n. (rt)
Nervous system,Spinal nerves,Median n. (lt)
Nervous system,Spinal nerves,Ulnar n. (rt)
Nervous system,Spinal nerves,Ulnar n. (lt)
Nervous system,Spinal nerves,Radial n. (rt)
Nervous system,Spinal nerves,Radial n. (lt)
Nervous system,Spinal nerves,Anterior root of first lumbar n. (rt)
Nervous system,Spinal nerves,Anterior root of first lumbar n. (lt)
Nervous system,Spinal nerves,Anterior ramus of first lumbar n. (rt)
Nervous system,Spinal nerves,Anterior ramus of first lumbar n. (lt)
Nervous system,Spinal nerves,Anterior root of second lumbar n. (rt)
Nervous system,Spinal nerves,Anterior root of second lumbar n. (lt)
Nervous system,Spinal nerves,Posterior root of second lumbar n. (rt)
Nervous system,Spinal nerves,Posterior root of second lumbar n. (lt)
Nervous system,Spinal nerves,Anterior ramus of second lumbar n. (rt)
Nervous system,Spinal nerves,Anterior ramus of second lumbar n. (lt)
Nervous system,Spinal nerves,Anterior root of third lumbar n. (lt)
Nervous system,Spinal nerves,Posterior root of third lumbar n. (lt)
Nervous system,Spinal nerves,Anterior ramus of third lumbar n. (lt)
Nervous system,Spinal nerves,Anterior root of fourth lumbar n. (rt)
Nervous system,Spinal nerves,Anterior root of fourth lumbar n. (lt)
Nervous system,Spinal nerves,Posterior root of fourth lumbar n. (rt)
Nervous system,Spinal nerves,Posterior root of fourth lumbar n. (lt)
Nervous system,Spinal nerves,Anterior ramus of fourth lumbar n. (rt)
Nervous system,Spinal nerves,Anterior ramus of fourth lumbar n. (lt)
Nervous system,Spinal nerves,Anterior root of fifth lumbar n. (lt)
Nervous system,Spinal nerves,Posterior root of fifth lumbar n. (rt)
Nervous system,Spinal nerves,Posterior root of fifth lumbar n. (lt)
Nervous system,Spinal nerves,Anterior ramus of fifth lumbar n. (rt)
Nervous system,Spinal nerves,Anterior ramus of fifth lumbar n. (lt)
Nervous system,Spinal nerves,Anterior root of first sacral n. (rt)
Nervous system,Spinal nerves,Anterior root of first sacral n. (lt)
Nervous system,Spinal nerves,Posterior root of first sacral n. (rt)
Nervous system,Spinal nerves,Posterior root of first sacral n. (lt)
Nervous system,Spinal nerves,Anterior ramus of first sacral n. (rt)
Nervous system,Spinal nerves,Anterior ramus of first sacral n. (lt)
Nervous system,Spinal nerves,Anterior root of second sacral n. (rt)
Nervous system,Spinal nerves,Anterior root of second sacral n. (lt)
Nervous system,Spinal nerves,Posterior root of second sacral n. (rt)
Nervous system,Spinal nerves,Posterior root of second sacral n. (lt)
Nervous system,Spinal nerves,Anterior ramus of second sacral n. (rt)
Nervous system,Spinal nerves,Anterior ramus of second sacral n. (lt)
Nervous system,Spinal nerves,Anterior root of third sacral n. (rt)
Nervous system,Spinal nerves,Anterior root of third sacral n. (lt)
Nervous system,Spinal nerves,Posterior root of third sacral n. (rt)
Nervous system,Spinal nerves,Posterior root of third sacral n. (lt)
Nervous system,Spinal nerves,Anterior ramus of third sacral n. (rt)
Nervous system,Spinal nerves,Anterior ramus of third sacral n. (lt)
Nervous system,Spinal nerves,Superior gluteal n. (rt)
Nervous system,Spinal nerves,Superior gluteal n. (lt)
Nervous system,Spinal nerves,Inferior gluteal n. (rt)
Nervous system,Spinal nerves,Inferior gluteal n. (lt)
Nervous system,Spinal nerves,Obturator n. (rt)
Nervous system,Spinal nerves,Obturator n. (lt)
Nervous system,Spinal nerves,Femoral n. (rt)
Nervous system,Spinal nerves,Femoral n. (lt)
Nervous system,Spinal nerves,Sciatic n. (rt)
Nervous system,Spinal nerves,Sciatic n. (lt)
Nervous system,Spinal nerves,Tibial n. (rt)
Nervous system,Spinal nerves,Tibial n. (lt)
Nervous system,Spinal nerves,Common fibular n. (rt)
Nervous system,Spinal nerves,Common fibular n. (lt)
Nervous system,Spinal nerves,Superficial fibular n. (rt)
Nervous system,Spinal nerves,Superficial fibular n. (lt)
Nervous system,Spinal nerves,Deep fibular n. (rt)
Nervous system,Spinal nerves,Deep fibular n. (lt)
Sensory organs,Eye,Eyeball (rt)
Sensory organs,Eye,Eyeball (lt)
Sensory organs,Eye,Superior rectus m. (rt)
Sensory organs,Eye,Superior rectus m. (lt)
Sensory organs,Eye,Inferior rectus m. (rt)
Sensory organs,Eye,Inferior rectus m. (lt)
Sensory organs,Eye,Medial rectus m. (rt)
Sensory organs,Eye,Medial rectus m. (lt)
Sensory organs,Eye,Lateral rectus m. (rt)
Sensory organs,Eye,Lateral rectus m. (lt)
Sensory organs,Eye,Superior oblique m. (rt)
Sensory organs,Eye,Superior oblique m. (lt)
Sensory organs,Eye,Inferior oblique m. (rt)
Sensory organs,Eye,Inferior oblique m. (lt)
Sensory organs,Eye,Levator palpebrae superioris m. (rt)
Sensory organs,Eye,Levator palpebrae superioris m. (lt)
Sensory organs,Ear,External acoustic meatus (rt)
Sensory organs,Ear,External acoustic meatus (lt)
Sensory organs,Ear,Tympanic cavity (rt)
Sensory organs,Ear,Tympanic cavity (lt)
Sensory organs,Ear,Auditory tube (rt)
Sensory organs,Ear,Auditory tube (lt)
Integument,Skin,Skin
